specialistID,LOC_CODE,GEO_DISTRI,lat,lon,Total Enrollment
s017,K001,15,40.6491535957,-74.0117658969,1280.0
s023,K002,17,40.656420687,-73.9512180651,475.0
s049,K095,21,40.5957449621,-73.9748843338,932.0
s050,K096,21,40.6077871285,-73.9849109857,641.0
s049,K097,21,40.6012535201,-73.985757315,833.0
s051,K098,21,40.5834797717,-73.9539697026,1493.0
s050,K099,21,40.6214921968,-73.965877153,883.0
s051,K100,21,40.5775723872,-73.9709589436,761.0
s049,K101,21,40.5975822665,-73.9917496061,886.0
s058,K102,20,40.6341757528,-74.0289480981,1425.0
s058,K104,20,40.6181363169,-74.0286548985,1236.0
s059,K105,20,40.6331516814,-74.0036151016,1675.0
s012,K106,32,40.6936996002,-73.9126715995,505.0
s016,K107,15,40.6630267194,-73.981204678,572.0
s071,K108,19,40.6812722259,-73.8842895857,982.0
s099,K109,22,40.6367420023,-73.9329756808,695.0
s056,K110,14,40.7236582496,-73.9420427038,447.0
s060,K112,20,40.6194926704,-74.0006938992,614.0
s000,K113,13,40.6885127377,-73.9712455647,414.0
s021,K114,18,40.642614548,-73.9081442859,603.0
s097,K115,18,40.6348673575,-73.8975768051,1092.0
s012,K116,32,40.6980564844,-73.9165811406,522.0
s099,K119,22,40.6260377073,-73.9387406266,405.0
s055,K120,14,40.7006116501,-73.9377472307,429.0
s050,K121,21,40.6228896727,-73.9788096088,356.0
s011,K123,32,40.7039474665,-73.9225038875,737.0
s016,K124,15,40.6674942122,-73.9906976419,341.0
s057,K126,14,40.7197645385,-73.9483747606,372.0
s058,K127,20,40.6237923932,-74.0185988783,529.0
s050,K128,21,40.6050221614,-73.9954696031,425.0
s016,K130,15,40.6489288641,-73.9759181921,770.0
s017,K131,15,40.640783778,-73.9933455079,1085.0
s056,K132,14,40.7147620465,-73.9458867278,689.0
s003,K134,22,40.6322634364,-73.9732931142,549.0
s022,K135,18,40.6533468364,-73.9329737511,665.0
s017,K136,15,40.6519886021,-74.0073207741,495.0
s027,K137,23,40.6822455448,-73.9167199472,295.0
s025,K138,17,40.6741498628,-73.9513325326,679.0
s003,K139,22,40.6414032061,-73.9657381971,978.0
s096,K140,23,40.6560754293,-73.9069183075,256.0
s023,K141,17,40.6563949872,-73.9517628404,374.0
s011,K145,32,40.7015326266,-73.9322079133,709.0
s018,K146,15,40.6799013834,-74.0016848497,652.0
s056,K147,14,40.7051574854,-73.938852865,297.0
s073,K149,19,40.669417578,-73.8927606973,734.0
s027,K150,23,40.6685673411,-73.9050192478,184.0
s012,K151,32,40.6933771861,-73.9083111086,314.0
s003,K152,22,40.63265037,-73.9543502179,813.0
s050,K153,21,40.6011924329,-73.9599762187,565.0
s016,K154,15,40.6570673696,-73.9761280583,534.0
s027,K155,23,40.677606887,-73.9087152635,499.0
s026,K156,23,40.6657338984,-73.9181958106,751.0
s055,K157,14,40.6954165742,-73.9599499267,495.0
s073,K158,19,40.6725839356,-73.8850668363,613.0
s071,K159,19,40.6759890319,-73.869663647,841.0
s025,K161,17,40.6659614256,-73.9492237528,409.0
s011,K162,32,40.706719938,-73.9197371032,471.0
s059,K164,20,40.6371746319,-73.9858507572,590.0
s096,K165,23,40.6572202643,-73.910980557,408.0
s024,K167,17,40.669487926,-73.9343213937,55.0
s017,K169,15,40.6459385596,-74.0018658977,1624.0
s058,K170,20,40.6304466075,-74.0188379636,1016.0
s071,K171,19,40.6859333061,-73.8694468502,547.0
s017,K172,15,40.6577759174,-74.0003294571,587.0
s071,K174,19,40.6655794058,-73.897635447,42.0
s060,K176,20,40.624793613,-74.0052344502,1408.0
s050,K177,21,40.6084108019,-73.9744782801,953.0
s027,K178,23,40.6752301618,-73.9153570594,364.0
s059,K179,20,40.6402808329,-73.9772938384,939.0
s059,K180,20,40.6266845069,-73.9896021672,1116.0
s023,K181,17,40.6481960139,-73.94599101,846.0
s096,K184,23,40.6602081218,-73.9049447189,504.0
s058,K185,20,40.6236345637,-74.0335995451,663.0
s060,K186,20,40.6111311469,-73.9946065344,995.0
s059,K187,20,40.6278407443,-74.0039745512,999.0
s049,K188,21,40.5769421921,-74.0005153034,502.0
s024,K189,17,40.6654388744,-73.9256803658,1044.0
s071,K190,19,40.6624024655,-73.8947103362,176.0
s024,K191,17,40.6718013214,-73.9242085025,186.0
s059,K192,20,40.6290193635,-73.979887477,687.0
s099,K193,22,40.6217939843,-73.9502674342,866.0
s004,K194,22,40.597196316,-73.934034799,495.0
s004,K195,22,40.5798342383,-73.9435982591,458.0
s056,K196,14,40.7087700992,-73.9397236899,347.0
s099,K197,22,40.6125871132,-73.9515902814,613.0
s099,K198,22,40.6372065399,-73.937035126,476.0
s050,K199,21,40.6165149442,-73.9630875156,501.0
s060,K200,20,40.6030417831,-74.0016608772,1306.0
s060,K201,20,40.6186941118,-74.0131586363,1474.0
s073,K202,19,40.6661983804,-73.8763754487,492.0
s099,K203,22,40.6217154069,-73.9256904832,812.0
s060,K204,20,40.6138046774,-74.0065730851,1168.0
s060,K205,20,40.6149397793,-73.9870819653,1181.0
s004,K206,22,40.5972490975,-73.9485320512,1425.0
s099,K207,22,40.6136872573,-73.9301707151,1272.0
s021,K208,18,40.6423020377,-73.9308660015,445.0
s051,K209,21,40.5867418679,-73.9616665669,707.0
s097,K211,18,40.6432520156,-73.8958324131,590.0
s049,K212,21,40.5875623919,-73.9855979854,689.0
s072,K213,19,40.6602683404,-73.8902746226,360.0
s071,K214,19,40.6762700367,-73.8630646178,961.0
s050,K215,21,40.6023322706,-73.9700764303,932.0
s051,K216,21,40.5903227203,-73.9697086146,688.0
s003,K217,22,40.6337242404,-73.9664100109,1214.0
s073,K218,19,40.6703250905,-73.8744169665,419.0
s022,K219,18,40.6591339949,-73.9226285818,557.0
s059,K220,20,40.6408063012,-74.0009252677,1435.0
s024,K221,17,40.6639244833,-73.9360809578,401.0
s099,K222,22,40.6136810065,-73.9388523151,883.0
s059,K223,20,40.6348428303,-73.981996909,994.0
s073,K224,19,40.6648960583,-73.8659664515,505.0
s051,K225,21,40.5799053435,-73.9561031802,1018.0
s050,K226,21,40.6152149759,-73.9767904833,1006.0
s060,K227,20,40.6218816985,-73.99552958,1276.0
s050,K228,21,40.6010533083,-73.9768758962,1362.0
s060,K229,20,40.6106077749,-74.0132955486,1195.0
s017,K230,15,40.6453039534,-73.9804504827,1210.0
s059,K231,20,40.6268221557,-73.9894457873,337.0
s021,K233,18,40.6513917845,-73.914010871,511.0
s004,K234,22,40.6042426723,-73.9551884462,1988.0
s022,K235,18,40.6549422226,-73.9408764664,1274.0
s099,K236,22,40.6158845976,-73.9125799411,579.0
s050,K238,21,40.6087696008,-73.9647979436,556.0
s049,K239,21,40.5785059452,-73.9923781832,1340.0
s003,K240,22,40.623729941,-73.9465766982,828.0
s025,K241,17,40.6690261616,-73.9603930083,552.0
s098,K243,16,40.6758380292,-73.9355803122,272.0
s022,K244,18,40.6482052293,-73.9256498812,610.0
s003,K245,22,40.644945642,-73.9629141101,315.0
s023,K246,17,40.6485391948,-73.9530591958,476.0
s060,K247,20,40.6122327037,-73.9871440497,820.0
s023,K249,17,40.6497098698,-73.9663411195,894.0
s056,K250,14,40.7068727762,-73.9452649721,633.0
s099,K251,22,40.6312635131,-73.9240275119,597.0
s051,K253,21,40.5798870656,-73.9618507249,878.0
s004,K254,22,40.5907079942,-73.951474814,781.0
s003,K255,22,40.6041948899,-73.9557989967,920.0
s001,K256,13,40.690613416,-73.9496072372,291.0
s056,K257,14,40.7026832932,-73.94162196,666.0
s058,K259,20,40.6263438338,-74.0150481075,1617.0
s018,K261,15,40.6871975687,-73.9882633179,797.0
s098,K262,16,40.6831109382,-73.9295548458,437.0
s000,K265,13,40.6967560359,-73.9759484135,427.0
s002,K266,13,40.6787918865,-73.97641549,130.0
s019,K267,16,40.6880615265,-73.9327543038,182.0
s022,K268,18,40.6571392095,-73.9277071243,429.0
s003,K269,22,40.6377353549,-73.9478286424,390.0
s001,K270,13,40.6910976269,-73.9614317834,139.0
s097,K272,18,40.6356587295,-73.8861738327,494.0
s073,K273,19,40.6582412293,-73.8790574735,351.0
s011,K274,32,40.6945188654,-73.9278758078,503.0
s021,K276,18,40.6337677712,-73.9079955138,688.0
s099,K277,22,40.5959066875,-73.9280207692,442.0
s099,K278,22,40.6065523249,-73.9385678909,922.0
s097,K279,18,40.6441930612,-73.8926192002,478.0
s049,K281,21,40.5946180434,-73.9937745146,1160.0
s002,K282,13,40.6765593219,-73.9777433555,892.0
s026,K284,23,40.6668868107,-73.9075618298,535.0
s021,K285,18,40.6471647119,-73.9206242917,704.0
s000,K287,13,40.6980539235,-73.980868705,198.0
s051,K288,21,40.5742787026,-73.9922610386,601.0
s024,K289,17,40.6745152357,-73.9420148416,396.0
s071,K290,19,40.6781498242,-73.8895029279,591.0
s012,K291,32,40.6955012666,-73.9154344592,349.0
s072,K292,19,40.6715573131,-73.893300111,623.0
s016,K295,15,40.6610657368,-73.9888968351,489.0
s055,K297,14,40.6975897294,-73.9475776544,256.0
s026,K298,23,40.671017369,-73.907905178,216.0
s012,K299,32,40.6909621334,-73.9179180444,320.0
s001,K301,13,40.685829807,-73.9454216483,96.0
s051,K303,21,40.5823429607,-73.9725167589,499.0
s001,K305,13,40.6858628905,-73.9451335956,182.0
s072,K306,19,40.6554638877,-73.8865618354,579.0
s000,K307,13,40.7016115424,-73.9818317081,380.0
s020,K308,16,40.6884659708,-73.9358495065,361.0
s019,K309,16,40.6882439099,-73.9242428272,237.0
s072,K311,19,40.6621395709,-73.8946434051,124.0
s099,K312,22,40.6218023317,-73.9088655675,862.0
s000,K313,13,40.7016021619,-73.981525172,77.0
s003,K315,22,40.6329160972,-73.9544112227,720.0
s025,K316,17,40.6746523724,-73.9605080978,429.0
s055,K318,14,40.7028482034,-73.9487608421,1491.0
s057,K319,14,40.7096734245,-73.9540400085,140.0
s016,K321,15,40.6717295247,-73.9784190222,1459.0
s056,K322,14,40.6969309199,-73.9468523572,73.0
s026,K323,23,40.6665600599,-73.9111809718,443.0
s099,K326,22,40.6284037681,-73.9281560438,212.0
s026,K327,23,40.6684080366,-73.9120828027,527.0
s072,K328,19,40.6676506062,-73.8979456477,309.0
s049,K329,21,40.5746711018,-73.9959127536,420.0
s055,K330,14,40.6969000441,-73.9470652528,82.0
s024,K334,17,40.6724885532,-73.9375371873,82.0
s098,K335,16,40.6743173742,-73.9281946458,301.0
s002,K340,13,40.6763618371,-73.9703087254,203.0
s051,K344,21,40.5822967009,-73.9719360697,562.0
s073,K345,19,40.6762600225,-73.8800190491,644.0
s072,K346,19,40.6469796124,-73.8817463419,653.0
s011,K347,32,40.7008168858,-73.9276758903,303.0
s049,K348,21,40.5940030652,-73.9859318703,262.0
s011,K349,32,40.7012082343,-73.9273133983,304.0
s000,K350,13,40.6974414172,-73.9847550853,333.0
s023,K352,17,40.6650906391,-73.9594825785,188.0
s025,K353,17,40.6743549797,-73.9606001905,196.0
s024,K354,17,40.6724747493,-73.9372592638,202.0
s057,K355,14,40.7061276565,-73.9616573108,538.0
s024,K356,17,40.6620647861,-73.9367186157,1016.0
s024,K357,17,40.6722449348,-73.9372714342,787.0
s072,K358,19,40.6640695211,-73.8934503889,846.0
s072,K359,19,40.6712232121,-73.8931865943,362.0
s099,K361,22,40.6402931204,-73.9469976778,538.0
s016,K362,15,40.6629549027,-73.9920817659,494.0
s072,K364,19,40.645674527,-73.881985101,313.0
s055,K368,14,40.6968739417,-73.9472969271,219.0
s018,K369,15,40.687317562,-73.9833199477,631.0
s051,K370,21,40.577684218,-73.9697408665,230.0
s017,K371,15,40.6541682098,-74.0053092404,261.0
s018,K372,15,40.6764683602,-73.9852393909,208.0
s055,K373,14,40.6992591913,-73.9452034536,383.0
s025,K375,17,40.6648025841,-73.9596301638,454.0
s011,K376,32,40.6980200061,-73.9203878164,564.0
s012,K377,32,40.6938505388,-73.9149053832,447.0
s055,K380,14,40.7020277234,-73.9534477864,633.0
s099,K381,22,40.6127357805,-73.9516180403,310.0
s023,K382,17,40.6492777295,-73.9581265635,451.0
s011,K383,32,40.6976323154,-73.9194607869,951.0
s012,K384,32,40.6901009687,-73.9047257951,641.0
s020,K385,16,40.6914030137,-73.9334800565,60.0
s027,K392,23,40.6654636288,-73.9181167659,258.0
s019,K393,16,40.6918393855,-73.931689733,77.0
s024,K394,17,40.6728046744,-73.9283061755,571.0
s026,K396,23,40.6676242073,-73.9113773433,306.0
s024,K397,17,40.6587615911,-73.946416253,251.0
s024,K398,17,40.664041695,-73.9279757834,381.0
s023,K399,17,40.6482192767,-73.9519040037,481.0
s012,K403,32,40.69701695,-73.9114814395,309.0
s003,K405,22,40.6328259891,-73.9523233836,3986.0
s023,K408,17,40.6494508712,-73.9581708066,224.0
s073,K409,19,40.6612685409,-73.8867376553,491.0
s051,K410,21,40.5819035881,-73.968130634,2108.0
s001,K412,13,40.6915895781,-73.9584146431,379.0
s000,K419,13,40.6974346224,-73.9845107544,549.0
s004,K425,22,40.6099156037,-73.9480797786,3250.0
s018,K429,15,40.6852875715,-73.9936076016,223.0
s002,K430,13,40.6888453709,-73.9765922117,5534.0
s000,K439,13,40.6973027919,-73.9847595594,362.0
s018,K442,15,40.6803192096,-73.9918074983,217.0
s016,K443,15,40.6608896093,-73.9891071464,541.0
s060,K445,20,40.6133052465,-74.0030377761,3553.0
s018,K447,15,40.6838305963,-73.9804017334,525.0
s018,K448,15,40.6796539494,-74.0017893112,679.0
s056,K449,14,40.7049130864,-73.9387689941,664.0
s072,K452,19,40.646794771,-73.8815253694,308.0
s057,K454,14,40.7097930896,-73.9440853845,261.0
s098,K455,16,40.6788992877,-73.9315655866,383.0
s016,K462,15,40.6696178614,-73.9789287591,357.0
s016,K463,15,40.6693619902,-73.9791114959,222.0
s016,K464,15,40.6694397761,-73.9785781155,523.0
s049,K468,21,40.5938447648,-73.9856619978,592.0
s055,K473,14,40.7039071,-73.9360779567,972.0
s056,K474,14,40.7118460846,-73.9397321852,949.0
s056,K477,14,40.711979295,-73.9391747621,509.0
s056,K478,14,40.7121164265,-73.938612173,913.0
s000,K483,13,40.6945074674,-73.9883561568,459.0
s026,K484,23,40.6732481987,-73.9198067741,141.0
s058,K485,20,40.6367922125,-74.0233491552,1277.0
s057,K488,14,40.7156787749,-73.9553296751,513.0
s025,K489,17,40.6695487629,-73.9551404927,113.0
s058,K490,20,40.6272161786,-74.0394328325,4408.0
s000,K492,13,40.6912129214,-73.971155396,515.0
s027,K493,23,40.6744051033,-73.9134868277,307.0
s004,K495,22,40.5935835594,-73.9369251912,233.0
s018,K497,15,40.6851447863,-73.9932134005,486.0
s019,K498,16,40.6885395658,-73.9208186054,650.0
s002,K499,13,40.6786011633,-73.9617600362,373.0
s072,K502,19,40.6670506307,-73.8949912787,334.0
s058,K503,20,40.6419670779,-74.0191645688,1110.0
s072,K504,19,40.666716003,-73.8948892936,293.0
s059,K505,20,40.6209074827,-73.9818202692,3177.0
s058,K506,20,40.6421472283,-74.0194965857,831.0
s072,K507,19,40.6670100413,-73.8953184056,441.0
s002,K508,13,40.6825773307,-73.9659613471,1002.0
s072,K510,19,40.6666717057,-73.8952261878,251.0
s026,K514,23,40.6655735929,-73.9121876673,252.0
s001,K517,13,40.6819514306,-73.9453656028,772.0
s096,K518,23,40.656121623,-73.9066021943,192.0
s018,K519,15,40.6847213255,-73.9909931473,589.0
s027,K522,23,40.6779836511,-73.9149817117,182.0
s025,K524,17,40.6701217935,-73.9613698884,417.0
s050,K525,21,40.6201696589,-73.9592184091,3885.0
s000,K527,13,40.6947375195,-73.9883598185,476.0
s025,K528,17,40.6700567492,-73.9610341488,231.0
s017,K529,15,40.6428050824,-73.9925581549,223.0
s024,K531,17,40.6595097065,-73.9431651479,407.0
s024,K533,17,40.6591807975,-73.9431384355,292.0
s020,K534,16,40.6912877769,-73.9409190037,87.0
s004,K535,22,40.5802524697,-73.9351260988,1047.0
s000,K536,13,40.6955007775,-73.977911745,458.0
s023,K537,17,40.649662012,-73.9582039381,394.0
s023,K539,17,40.6498562404,-73.9581760964,412.0
s049,K540,21,40.5879286597,-73.9817748909,2225.0
s023,K543,17,40.6492818549,-73.9578604513,526.0
s011,K545,32,40.6946770116,-73.9292582957,520.0
s023,K546,17,40.6584448561,-73.9430634843,467.0
s025,K547,17,40.6698296305,-73.9614500043,427.0
s025,K548,17,40.6697645919,-73.9611302555,352.0
s012,K549,32,40.6971672635,-73.9117535908,385.0
s012,K552,32,40.6968062874,-73.9117399815,227.0
s001,K553,13,40.684737601,-73.9474228936,163.0
s012,K554,32,40.6974909867,-73.9138577007,385.0
s003,K555,22,40.6305025782,-73.9532198605,596.0
s012,K556,32,40.6951603426,-73.9276167776,274.0
s057,K558,14,40.7154498142,-73.9549740372,573.0
s049,K559,21,40.5937150554,-73.9862309031,289.0
s057,K561,14,40.7152047231,-73.9545802924,680.0
s022,K563,18,40.6481980792,-73.9228447655,608.0
s012,K564,32,40.6957790658,-73.9152028062,244.0
s021,K566,18,40.6334297352,-73.9173698282,234.0
s021,K567,18,40.633175511,-73.9177762796,374.0
s024,K568,17,40.6662723606,-73.9239137217,163.0
s022,K569,18,40.6482220949,-73.9222680118,357.0
s049,K572,21,40.5935535914,-73.9859693365,283.0
s001,K575,13,40.6846846192,-73.9477982349,152.0
s021,K576,18,40.633654015,-73.9169634109,339.0
s057,K577,14,40.715386873,-73.9571901898,506.0
s021,K578,18,40.6338833029,-73.9165831873,219.0
s022,K581,18,40.6588857602,-73.928943466,129.0
s056,K582,14,40.7089694302,-73.939565446,246.0
s071,K583,19,40.6928037308,-73.8685837713,208.0
s098,K584,16,40.6746053081,-73.9281498394,92.0
s056,K586,14,40.7097529625,-73.944509433,535.0
s097,K588,18,40.6580692895,-73.9199486033,218.0
s022,K589,18,40.658675023,-73.92870173,236.0
s025,K590,17,40.6670287146,-73.9512698228,1247.0
s019,K593,16,40.6834760163,-73.9258214111,809.0
s019,K594,16,40.6800219106,-73.9218327366,197.0
s001,K595,13,40.6854763196,-73.9540166402,361.0
s001,K596,13,40.6919909446,-73.9585092999,49.0
s022,K598,18,40.6589161996,-73.9285055989,180.0
s025,K600,17,40.6699790067,-73.9603610491,1358.0
s097,K608,18,40.6578784541,-73.9202783554,522.0
s059,K609,20,40.6351035028,-73.9820920769,529.0
s057,K610,14,40.7222980444,-73.9533462307,372.0
s056,K614,14,40.7097078431,-73.9450394888,375.0
s073,K615,19,40.6785822004,-73.8758569621,1023.0
s001,K616,13,40.6923682272,-73.9585934274,230.0
s097,K617,18,40.6408503492,-73.898289917,296.0
s071,K618,19,40.6931428001,-73.8696275402,406.0
s051,K620,21,40.5829220881,-73.9634214272,549.0
s027,K626,23,40.6743756908,-73.9130589413,828.0
s020,K627,16,40.6938480052,-73.9409442085,167.0
s098,K628,16,40.6817399908,-73.9354460658,222.0
s021,K629,18,40.648260737,-73.9216720162,354.0
s057,K632,14,40.7220809413,-73.9535778516,110.0
s097,K633,18,40.640582502,-73.8987059196,413.0
s097,K635,18,40.6459045712,-73.8985427341,167.0
s020,K636,16,40.6938900316,-73.9405757308,183.0
s021,K637,18,40.6337044287,-73.9176708176,293.0
s071,K639,19,40.6926429203,-73.8693024121,330.0
s097,K642,18,40.6402970857,-73.8991450338,293.0
s096,K643,23,40.6558431259,-73.9068520953,211.0
s027,K644,23,40.6780200157,-73.9154734705,591.0
s096,K646,23,40.6773732016,-73.9040098373,237.0
s096,K647,23,40.6558808785,-73.9065415397,197.0
s020,K648,16,40.6881017298,-73.9324130497,476.0
s020,K649,16,40.6881448112,-73.9320604185,425.0
s018,K651,15,40.6771829192,-74.0117220102,500.0
s018,K656,15,40.6839822435,-73.9802958983,924.0
s071,K659,19,40.693244025,-73.8692014915,232.0
s072,K660,19,40.6738604646,-73.8960231386,498.0
s000,K670,13,40.6954120473,-73.9689734036,916.0
s057,K685,14,40.7054161199,-73.9559257702,246.0
s050,K690,21,40.6049780095,-73.9947332736,917.0
s026,K697,23,40.665628028,-73.9118695949,369.0
s018,K698,15,40.6778354541,-74.0142201698,180.0
s055,K701,14,40.6942345946,-73.9479443304,245.0
s001,K702,13,40.6909128826,-73.9610417229,471.0
s055,K703,14,40.7002969333,-73.9481542098,369.0
s023,K704,17,40.6564043354,-73.9514716608,529.0
s049,K721,21,40.587964238,-73.9813915805,527.0
s051,K728,21,40.5771375115,-73.9857287522,206.0
s019,K731,16,40.6896798465,-73.9252871288,676.0
s002,K753,13,40.6825040888,-73.9690320093,213.0
s051,K771,21,40.5799928379,-73.9562954522,427.0
s004,K811,22,40.5911510377,-73.9388145009,325.0
s017,K821,15,40.6522600555,-74.0074342119,515.0
s042,M001,2,40.7126083799,-73.9974970128,400.0
s042,M002,2,40.7130866082,-73.9913779703,672.0
s044,M003,2,40.73262202,-74.006179159,789.0
s077,M004,6,40.8347630837,-73.9412241462,655.0
s078,M005,6,40.8584789158,-73.9223589601,631.0
s041,M006,2,40.777594097,-73.9604856324,700.0
s069,M007,4,40.8007991976,-73.939334244,372.0
s079,M008,6,40.839152829,-73.9365934375,558.0
s048,M009,3,40.7851627077,-73.9737218994,611.0
s044,M011,2,40.7442632688,-74.0006793067,921.0
s069,M012,4,40.7925231811,-73.9416289061,561.0
s006,M015,1,40.7218910772,-73.9788114309,176.0
s078,M018,6,40.871578119,-73.9116618606,395.0
s006,M019,1,40.7297395902,-73.9841797128,270.0
s005,M020,1,40.721274524,-73.9863807639,581.0
s077,M028,6,40.8314827958,-73.9420011941,704.0
s044,M033,2,40.7490352618,-74.0001448571,639.0
s006,M034,1,40.7262663776,-73.9752206805,394.0
s043,M035,2,40.7640684409,-73.9859349169,271.0
s074,M036,5,40.8105940444,-73.9573934717,447.0
s069,M037,4,40.7970470813,-73.9304216949,203.0
s070,M038,4,40.78857918,-73.9449494776,252.0
s040,M040,2,40.7352303906,-73.9818207851,631.0
s044,M041,2,40.7356284756,-73.9993057691,721.0
s042,M042,2,40.7160453145,-73.9908694411,737.0
s075,M046,5,40.8316274333,-73.9359475771,773.0
s040,M047,2,40.7384325877,-73.9816177499,186.0
s079,M048,6,40.853221454,-73.9337403194,599.0
s070,M050,4,40.7856044947,-73.9412025637,288.0
s041,M051,2,40.7806144661,-73.9479165865,370.0
s078,M052,6,40.8659219161,-73.9252426403,411.0
s047,M054,3,40.8003182616,-73.9624734936,850.0
s069,M057,4,40.7974053808,-73.9415123786,851.0
s043,M059,2,40.7638772863,-73.9639052776,573.0
s006,M063,1,40.7244361252,-73.9863397207,203.0
s006,M064,1,40.7241961334,-73.9815486539,258.0
s070,M072,4,40.7913262875,-73.9475716043,638.0
s048,M075,3,40.7952472225,-73.9740861227,569.0
s047,M076,3,40.8065873621,-73.9513197376,503.0
s041,M077,2,40.7848777142,-73.9499839388,345.0
s076,M079,5,40.8027509652,-73.9423641976,264.0
s069,M083,4,40.7933863719,-73.9424376775,439.0
s048,M084,3,40.7895316689,-73.968185022,552.0
s046,M087,3,40.7817625286,-73.9777714178,852.0
s045,M089,2,40.7169548988,-74.0137139654,425.0
s075,M092,5,40.8151570687,-73.9459886547,297.0
s005,M094,1,40.7197887831,-73.9776074723,383.0
s069,M096,4,40.8000809264,-73.9376248492,458.0
s078,M098,6,40.8678930904,-73.9177251807,605.0
s069,M102,4,40.7949926787,-73.9385617336,282.0
s040,M104,2,40.7358239303,-73.9805939716,1113.0
s070,M108,4,40.7950499646,-73.9482097778,594.0
s005,M110,1,40.7154250279,-73.9799682371,394.0
s043,M111,2,40.7658934969,-73.9894346947,393.0
s069,M112,4,40.7965736954,-73.9302672965,333.0
s079,M115,6,40.8462784856,-73.935030085,552.0
s040,M116,2,40.7444548093,-73.9776254159,638.0
s075,M123,5,40.8201547205,-73.9443615912,554.0
s042,M124,2,40.7144352919,-73.9954607209,810.0
s074,M125,5,40.8106323046,-73.9558079221,230.0
s042,M126,2,40.7105865726,-73.9969369453,759.0
s079,M128,6,40.841174429,-73.9389038327,631.0
s074,M129,5,40.8148322738,-73.9518661339,487.0
s042,M130,2,40.7186723251,-73.9983890863,970.0
s042,M131,2,40.7164398053,-73.993770972,420.0
s079,M132,6,40.8505765224,-73.9340695592,441.0
s076,M133,5,40.8096272571,-73.9395535391,199.0
s005,M134,1,40.7142977522,-73.9839618608,263.0
s005,M137,1,40.7143184427,-73.9837258158,155.0
s005,M140,1,40.7190962774,-73.9834735521,376.0
s005,M142,1,40.7181392433,-73.9841078045,354.0
s079,M143,6,40.849158649,-73.9310194587,361.0
s048,M145,3,40.7990558597,-73.9650543783,368.0
s069,M146,4,40.7896411654,-73.938894787,379.0
s047,M149,3,40.8025296973,-73.9481850391,285.0
s042,M150,2,40.7182772099,-74.010888039,184.0
s078,M152,6,40.8601423839,-73.927815458,642.0
s077,M153,6,40.8263408077,-73.9472036267,743.0
s076,M154,5,40.810737387,-73.948996945,321.0
s069,M155,4,40.7974891943,-73.936351116,344.0
s041,M158,2,40.7703736284,-73.9508370254,763.0
s074,M161,5,40.817641242,-73.9525317042,888.0
s048,M163,3,40.7947194379,-73.9687059941,587.0
s047,M165,3,40.8026894684,-73.9661080713,775.0
s048,M166,3,40.7889098805,-73.9724151442,614.0
s041,M167,2,40.7718327594,-73.9581266834,1343.0
s041,M169,2,40.7809284146,-73.9554895972,342.0
s070,M171,4,40.7922681887,-73.9516720568,734.0
s079,M173,6,40.8454541481,-73.9401578386,593.0
s076,M175,5,40.8143251823,-73.9429104236,362.0
s078,M178,6,40.8593041561,-73.9281072165,304.0
s047,M180,3,40.8077288507,-73.9558262468,595.0
s069,M182,4,40.7933000917,-73.9422229159,352.0
s041,M183,2,40.7637539318,-73.9577870635,555.0
s005,M184,1,40.7113459329,-73.985765317,663.0
s047,M185,3,40.7982976825,-73.9492976754,241.0
s078,M187,6,40.8562578168,-73.93710763,802.0
s006,M188,1,40.7200115806,-73.9774435872,489.0
s078,M189,6,40.8529274256,-73.927810743,1025.0
s046,M191,3,40.7718021629,-73.9875102332,453.0
s077,M192,6,40.8208391166,-73.9524270359,307.0
s075,M194,5,40.8213889309,-73.9410756416,203.0
s076,M197,5,40.8133144542,-73.9375669529,318.0
s041,M198,2,40.7850365774,-73.9498697808,498.0
s046,M199,3,40.7778455677,-73.984685058,903.0
s075,M200,5,40.8243299173,-73.9364899632,482.0
s069,M206,4,40.7968897519,-73.9300625278,484.0
s047,M208,3,40.798641932,-73.9501359802,141.0
s043,M212,2,40.7614959826,-73.9886666778,378.0
s041,M217,2,40.7639831016,-73.9482693611,587.0
s078,M218,6,40.8607726873,-73.9301596672,229.0
s077,M223,6,40.8157175296,-73.9526250895,274.0
s070,M224,4,40.7852973402,-73.9423783436,166.0
s041,M225,2,40.7653674866,-73.9595140653,335.0
s040,M226,2,40.7325232683,-73.98271396,269.0
s045,M234,2,40.7159786667,-74.011405222,704.0
s047,M241,3,40.8018516845,-73.9557693224,112.0
s047,M242,3,40.8062945438,-73.9485713083,214.0
s046,M245,3,40.7809452065,-73.9777294018,405.0
s048,M247,3,40.7894210039,-73.9679076045,195.0
s048,M250,3,40.7951047142,-73.9737692632,181.0
s040,M255,2,40.7351215411,-73.981551897,374.0
s048,M256,3,40.7916522427,-73.9711817589,138.0
s048,M258,3,40.7915255705,-73.9709357161,235.0
s044,M260,2,40.7533639701,-73.9978859,376.0
s078,M278,6,40.8713423246,-73.9118121435,533.0
s047,M279,3,40.8017314953,-73.9554890393,464.0
s076,M284,5,40.806052068,-73.9407462061,1125.0
s076,M285,5,40.8077656845,-73.9399583542,254.0
s074,M286,5,40.8157385429,-73.9559897597,154.0
s043,M288,2,40.7654575818,-73.9930052331,410.0
s045,M289,2,40.7172112974,-74.0136328965,289.0
s041,M290,2,40.775133849,-73.9528040705,627.0
s005,M292,1,40.7133935542,-73.986612904,185.0
s078,M293,6,40.8609614634,-73.9300632959,609.0
s042,M294,2,40.7169883696,-73.9893571574,356.0
s043,M296,2,40.7655705918,-73.9932631128,402.0
s042,M298,2,40.7163823838,-73.9935069098,478.0
s046,M299,3,40.7746999467,-73.9854536585,426.0
s043,M300,2,40.7656636593,-73.9934903979,400.0
s006,M301,1,40.7299147506,-73.9840339836,156.0
s075,M302,5,40.8171305066,-73.9473567978,155.0
s043,M303,2,40.7656303875,-73.9928478573,409.0
s075,M304,5,40.8173322282,-73.947387671,409.0
s042,M305,2,40.717074379,-73.9896293894,331.0
s046,M307,3,40.774834294,-73.9857834133,403.0
s042,M308,2,40.7173596805,-73.9895060634,353.0
s078,M311,6,40.8664027246,-73.9240371114,431.0
s044,M312,2,40.7422764012,-74.0020540518,551.0
s044,M313,2,40.7435646275,-74.0024654766,265.0
s078,M314,6,40.866496796,-73.9237887393,270.0
s006,M315,1,40.7277477354,-73.9785761595,299.0
s045,M316,2,40.7054250589,-74.0129612032,359.0
s075,M318,5,40.8258932334,-73.9377687248,219.0
s079,M319,6,40.8392632105,-73.9358995025,534.0
s005,M320,1,40.7183561949,-73.9839995887,270.0
s078,M322,6,40.8611628264,-73.9299635945,319.0
s079,M324,6,40.8395282768,-73.9357300749,449.0
s077,M325,6,40.8208391166,-73.9524270359,243.0
s079,M326,6,40.8367841827,-73.9372525947,169.0
s079,M328,6,40.8368561205,-73.937472436,148.0
s047,M329,3,40.7984769834,-73.9497444809,367.0
s006,M330,1,40.7196757055,-73.9773216927,598.0
s005,M332,1,40.7134315068,-73.9862679194,110.0
s048,M333,3,40.7914017608,-73.9706328814,742.0
s046,M334,3,40.7810527545,-73.9779768799,559.0
s069,M335,4,40.7993849708,-73.9334516147,909.0
s074,M336,5,40.8196504412,-73.9569114916,1145.0
s070,M337,4,40.7854772298,-73.9409078117,32.0
s076,M341,5,40.8070693257,-73.9390527966,892.0
s005,M345,1,40.7134590933,-73.9858957016,105.0
s040,M347,2,40.7382972862,-73.9812868617,189.0
s079,M348,6,40.8490648559,-73.9308007185,760.0
s047,M351,3,40.8027827626,-73.9480402963,1170.0
s077,M353,6,40.8288448472,-73.9453792281,759.0
s006,M361,1,40.727614883,-73.9782875039,267.0
s074,M362,5,40.8107294033,-73.9560455997,667.0
s006,M363,1,40.7243536947,-73.9861637163,313.0
s006,M364,1,40.7240873208,-73.981290543,340.0
s074,M367,5,40.8156478185,-73.9557725124,170.0
s074,M369,5,40.815547369,-73.955521185,350.0
s069,M372,4,40.7926094895,-73.941897373,574.0
s040,M374,2,40.7355713053,-73.9872650507,523.0
s070,M375,4,40.7958548937,-73.9444226001,304.0
s042,M376,2,40.7244384404,-74.0048835738,457.0
s070,M377,4,40.7851602458,-73.9424884858,163.0
s005,M378,1,40.7204301227,-73.9860000986,264.0
s069,M381,4,40.7927162171,-73.9421867095,108.0
s070,M382,4,40.7885061982,-73.9447782622,492.0
s070,M385,4,40.7959342813,-73.9446225103,777.0
s075,M388,5,40.8150380633,-73.9457100456,299.0
s043,M400,2,40.767865882,-73.9883050699,1259.0
s094,M401,8,40.8318141684,-73.8276127023,78.0
s040,M407,2,40.7326002392,-73.9829338134,484.0
s043,M408,2,40.7614193308,-73.9884777193,546.0
s044,M412,2,40.7423645211,-74.0022904176,527.0
s040,M413,2,40.739098274,-73.9853013077,747.0
s044,M414,2,40.7424596906,-74.0025221498,446.0
s047,M415,3,40.8026588952,-73.9542867561,377.0
s041,M416,2,40.7702491117,-73.9532972755,554.0
s045,M418,2,40.704664257,-74.0112751273,641.0
s044,M419,2,40.7436636409,-74.0026512971,370.0
s040,M420,2,40.732422879,-73.9824809208,1700.0
s045,M425,2,40.7089730443,-74.0124477587,684.0
s069,M435,4,40.794008809,-73.93334851,1608.0
s044,M439,2,40.7419339959,-73.9920370773,441.0
s044,M442,2,40.7385852551,-73.9896528853,152.0
s005,M448,1,40.7123405114,-73.984013385,343.0
s041,M449,2,40.7654458273,-73.9597199017,461.0
s006,M450,1,40.7292562236,-73.9823585548,677.0
s043,M459,2,40.7655333884,-73.9599620657,342.0
s078,M462,6,40.8552200928,-73.9262269659,477.0
s079,M463,6,40.8553854289,-73.9266040998,427.0
s078,M467,6,40.8556912064,-73.9263927195,615.0
s078,M468,6,40.8555403877,-73.9259388256,526.0
s076,M469,5,40.8072555771,-73.9389187087,33.0
s045,M475,2,40.7179133522,-74.0136116741,3327.0
s046,M479,3,40.7725814992,-73.9883666278,1306.0
s046,M485,3,40.7739825613,-73.9854790515,2713.0
s045,M489,2,40.7092815848,-74.0122772255,761.0
s046,M492,3,40.7749686368,-73.9860837243,501.0
s046,M494,3,40.7750626108,-73.9857539194,576.0
s070,M495,4,40.7902004948,-73.9440410494,404.0
s070,M497,4,40.7936443407,-73.9489311663,201.0
s075,M499,5,40.8241334177,-73.9365894252,1409.0
s040,M500,2,40.7464931499,-73.9807108958,301.0
s042,M501,2,40.7290840268,-74.005930166,68.0
s048,M505,3,40.7971958026,-73.966738178,535.0
s005,M509,1,40.7202107206,-73.9860852412,272.0
s005,M515,1,40.719980531,-73.9861987508,564.0
s043,M519,2,40.7657451107,-73.9597802752,509.0
s042,M520,2,40.7113762974,-74.0014325032,598.0
s079,M528,6,40.8506397035,-73.9346641434,206.0
s043,M529,2,40.7576674588,-73.9833078701,650.0
s043,M531,2,40.7560600288,-73.9844049848,247.0
s006,M539,1,40.7190757599,-73.9796085349,1753.0
s077,M540,6,40.8183546052,-73.9501466588,1438.0
s046,M541,3,40.7749327411,-73.9854300516,443.0
s043,M542,2,40.765746721,-73.993101366,510.0
s042,M543,2,40.7172775772,-73.9892132829,431.0
s043,M544,2,40.7679883164,-73.9886231117,314.0
s042,M545,2,40.7176449799,-73.9893621893,420.0
s044,M550,2,40.7418440321,-74.000209442,427.0
s079,M552,6,40.8382937196,-73.9384387508,503.0
s070,M555,4,40.7935695919,-73.9487573911,470.0
s042,M565,2,40.7656529537,-73.9595623352,159.0
s040,M570,2,40.747458258,-73.9905251283,266.0
s040,M575,2,40.7326994232,-73.9843360359,745.0
s045,M580,2,40.7056392448,-74.0129745502,532.0
s040,M586,2,40.7298184298,-73.9924006453,61.0
s044,M600,2,40.7455569765,-73.9964463451,1798.0
s044,M605,2,40.7432156549,-74.0024654637,209.0
s070,M610,4,40.7929103209,-73.94715748,491.0
s042,M615,2,40.7245213553,-74.0048741846,435.0
s043,M625,2,40.7636508624,-73.9908885344,144.0
s043,M630,2,40.7590789689,-73.965865602,1442.0
s041,M645,2,40.784029693,-73.9454797648,577.0
s005,M650,1,40.7222868044,-73.9905171781,233.0
s041,M655,2,40.7833047021,-73.9459004201,616.0
s075,M670,5,40.8152453583,-73.9442165575,549.0
s070,M680,4,40.7919837222,-73.946810544,335.0
s076,M685,5,40.8174526152,-73.9471393129,29.0
s005,M696,1,40.718276645,-73.976075371,535.0
s047,M702,3,40.8020456608,-73.9513870431,239.0
s070,M704,4,40.7929997934,-73.9515017229,260.0
s070,M705,4,40.790949957,-73.9438995527,475.0
s045,M707,2,40.7053173144,-74.0160922841,485.0
s069,M708,4,40.801481546,-73.9350931679,693.0
s075,M709,5,40.8212775423,-73.9408133504,897.0
s005,M751,1,40.7257196883,-73.9878884284,192.0
s048,M811,3,40.7863341432,-73.9793556118,354.0
s069,M825,4,40.7943754395,-73.9330998103,233.0
s006,M839,1,40.7239875751,-73.9810522874,371.0
s047,M860,3,40.8025387106,-73.9540268625,390.0
s047,M861,3,40.8060981499,-73.9481108992,382.0
s047,M862,3,40.8025766033,-73.9658153108,345.0
s070,M964,4,40.7923817405,-73.9515943743,346.0
s063,Q002,30,40.7700942528,-73.8942773855,593.0
s028,Q004,26,40.7418306488,-73.7786007255,425.0
s083,Q005,24,40.7375472145,-73.8877331631,1825.0
s083,Q007,24,40.7394065132,-73.8824884976,1017.0
s086,Q008,28,40.696976446,-73.7867509574,370.0
s084,Q009,24,40.7183263973,-73.9123379398,655.0
s063,Q010,30,40.7594912985,-73.9124912257,790.0
s063,Q011,30,40.7455824,-73.9090743939,1178.0
s083,Q012,24,40.742319083,-73.8930335587,1281.0
s083,Q013,24,40.7376375063,-73.8681600528,1632.0
s083,Q014,24,40.7408824403,-73.8543388596,1768.0
s030,Q015,29,40.6860156166,-73.7571034211,468.0
s083,Q016,24,40.7489238644,-73.8608388383,1707.0
s063,Q017,30,40.7682652964,-73.9228414906,562.0
s029,Q018,26,40.7320128679,-73.7321467226,658.0
s083,Q019,24,40.7490585448,-73.8670186478,1996.0
s054,Q020,25,40.7586162526,-73.824158627,1382.0
s054,Q021,25,40.7742328969,-73.8186037981,1367.0
s054,Q024,25,40.7517378426,-73.8178296572,1029.0
s053,Q025,25,40.7653019521,-73.7896961445,856.0
s028,Q026,26,40.7366199684,-73.7780091935,676.0
s083,Q028,24,40.7470207802,-73.8544813485,545.0
s054,Q029,25,40.778344562,-73.8431606775,769.0
s028,Q031,26,40.7575890333,-73.768965918,544.0
s053,Q032,25,40.7650425613,-73.794193406,964.0
s032,Q033,29,40.727038748,-73.7347023124,1053.0
s032,Q034,29,40.7110784014,-73.7377225811,570.0
s031,Q035,29,40.7136679392,-73.7690411173,654.0
s031,Q036,29,40.6912160884,-73.7638930143,487.0
s030,Q037,29,40.6761007414,-73.7586751292,547.0
s032,Q038,29,40.6714048268,-73.7338612583,218.0
s086,Q040,28,40.6941524508,-73.7909879458,538.0
s028,Q041,26,40.7698029949,-73.7711165679,521.0
s081,Q042,27,40.5943493626,-73.7949603739,701.0
s081,Q043,27,40.5936531081,-73.7614158337,981.0
s080,Q045,27,40.6720901847,-73.788583807,391.0
s028,Q046,26,40.7452908878,-73.758043833,613.0
s081,Q047,27,40.606457339,-73.82074902,220.0
s086,Q048,28,40.6940663707,-73.7966162111,603.0
s084,Q049,24,40.7194698152,-73.8750815548,1102.0
s086,Q050,28,40.6950779942,-73.8069045834,801.0
s080,Q051,27,40.6982664345,-73.8317213631,255.0
s030,Q052,29,40.6613190949,-73.7666927948,509.0
s081,Q053,27,40.6040810893,-73.7496093891,317.0
s086,Q054,28,40.7025995379,-73.8244307209,586.0
s086,Q055,28,40.6938753982,-73.8162918526,529.0
s080,Q056,27,40.6990872998,-73.835555371,407.0
s085,Q058,24,40.7287467104,-73.8902451312,1029.0
s030,Q059,29,40.6817108185,-73.7530873913,548.0
s080,Q060,27,40.6914763289,-73.8527934323,1233.0
s083,Q061,24,40.7424514785,-73.8627728095,2158.0
s080,Q062,27,40.6886070146,-73.8358470474,947.0
s082,Q063,27,40.6767583088,-73.8469500234,1377.0
s080,Q064,27,40.6818987684,-73.856931721,664.0
s080,Q065,27,40.6826362696,-73.8414716133,495.0
s080,Q066,27,40.6979213105,-73.8462087693,544.0
s029,Q067,26,40.7625653758,-73.7340407168,907.0
s084,Q068,24,40.6968429279,-73.8972881798,757.0
s061,Q069,30,40.748984118,-73.8885506199,1087.0
s063,Q070,30,40.7618274041,-73.9141099022,999.0
s084,Q071,24,40.7113802244,-73.9049397077,891.0
s086,Q072,28,40.67467463,-73.775732951,605.0
s084,Q073,24,40.7286266835,-73.89316003,1975.0
s028,Q074,26,40.7450857252,-73.7668263261,1122.0
s084,Q075,24,40.6986388567,-73.9050855824,539.0
s062,Q076,30,40.760975299,-73.9413379913,557.0
s084,Q077,24,40.6991703456,-73.9020664286,1008.0
s062,Q078,30,40.7444767528,-73.9574587655,583.0
s053,Q079,25,40.7862435885,-73.8178457123,1065.0
s086,Q080,28,40.6732175452,-73.769420336,551.0
s084,Q081,24,40.7038194202,-73.9120175268,861.0
s088,Q082,28,40.7037832597,-73.8121225913,643.0
s063,Q084,30,40.7711627463,-73.9061123397,346.0
s063,Q085,30,40.773040913,-73.9149648788,593.0
s088,Q086,28,40.7091915017,-73.803792164,934.0
s084,Q087,24,40.7115433359,-73.871546037,593.0
s084,Q088,24,40.7040357465,-73.8964525168,1069.0
s083,Q089,24,40.7460002214,-73.879732552,2007.0
s080,Q090,27,40.6967327329,-73.8393918502,851.0
s084,Q091,24,40.7036192694,-73.8840765825,811.0
s061,Q092,30,40.7560217942,-73.8689534276,854.0
s084,Q093,24,40.7057622519,-73.9028804274,1150.0
s029,Q094,26,40.771269316,-73.7387211649,366.0
s031,Q095,29,40.7109459657,-73.7832484487,1517.0
s082,Q096,27,40.6753044495,-73.8081331257,309.0
s080,Q097,27,40.6943661335,-73.85992117,741.0
s029,Q098,26,40.7691356411,-73.7496843041,205.0
s086,Q099,28,40.7114581011,-73.8278822244,836.0
s080,Q100,27,40.6798436943,-73.8217340254,966.0
s087,Q101,28,40.7156154962,-73.8435480523,633.0
s083,Q102,24,40.733251507,-73.8779248789,1314.0
s081,Q104,27,40.6081392124,-73.7649968925,722.0
s081,Q105,27,40.5956683728,-73.7814625113,890.0
s081,Q106,27,40.5946076378,-73.7670263589,218.0
s053,Q107,25,40.7557494678,-73.7996611278,989.0
s082,Q108,27,40.6794423897,-73.831200659,1446.0
s032,Q109,29,40.7205304028,-73.7466285742,964.0
s062,Q111,30,40.7587657448,-73.9392125087,285.0
s062,Q112,30,40.7570078681,-73.9341752887,524.0
s082,Q114,27,40.5779753061,-73.8545627422,640.0
s029,Q115,26,40.743836031,-73.7094581858,699.0
s031,Q116,29,40.7007242596,-73.7819371677,756.0
s088,Q117,28,40.7101947254,-73.8131638459,1081.0
s031,Q118,29,40.7034710637,-73.7653763282,530.0
s084,Q119,24,40.7048286487,-73.8749162363,1190.0
s054,Q120,25,40.745252325,-73.8290923238,1056.0
s086,Q121,28,40.6838998565,-73.8154797925,949.0
s063,Q122,30,40.7802993739,-73.9160356173,1385.0
s080,Q123,27,40.6786020674,-73.7954094804,698.0
s082,Q124,27,40.6652824058,-73.8114148922,1289.0
s085,Q125,24,40.7408284873,-73.91873259,1498.0
s062,Q126,30,40.7661726828,-73.9302753394,581.0
s061,Q127,30,40.7649141155,-73.8713602948,1335.0
s084,Q128,24,40.7151102368,-73.8855582553,948.0
s054,Q129,25,40.7902956658,-73.8396504337,1130.0
s028,Q130,26,40.7598284752,-73.7840283341,374.0
s031,Q131,29,40.7170893637,-73.793813737,829.0
s030,Q132,29,40.6820572234,-73.7496307609,381.0
s029,Q133,26,40.7320274206,-73.717653756,485.0
s032,Q134,29,40.7078393543,-73.754881239,436.0
s032,Q135,29,40.7205415819,-73.7573512223,1012.0
s032,Q136,29,40.6985680817,-73.7525192451,624.0
s082,Q137,27,40.6783402376,-73.8394627433,1887.0
s030,Q138,29,40.6596707635,-73.7347573122,790.0
s087,Q139,28,40.7282132114,-73.8631390092,821.0
s063,Q141,30,40.7756450935,-73.9046872513,1161.0
s083,Q143,24,40.7558807299,-73.8557244988,1719.0
s087,Q144,28,40.7150798182,-73.8529360192,869.0
s061,Q145,30,40.754359238,-73.8873827073,1925.0
s082,Q146,27,40.6602127464,-73.8346698706,704.0
s032,Q147,29,40.6974456313,-73.7404457007,630.0
s061,Q148,30,40.7581395937,-73.8787248322,1030.0
s061,Q149,30,40.7551320193,-73.8746162686,1177.0
s062,Q150,30,40.7457411947,-73.9233943436,1147.0
s063,Q151,30,40.757596204,-73.9084940408,432.0
s063,Q152,30,40.7530752416,-73.9003515617,1257.0
s084,Q153,24,40.7163635339,-73.9039065425,1334.0
s052,Q154,25,40.7266367885,-73.8072199297,736.0
s080,Q155,27,40.6794246986,-73.8101542308,566.0
s030,Q156,29,40.6727108751,-73.7430436495,293.0
s087,Q157,28,40.7322822818,-73.8531901573,1608.0
s028,Q158,26,40.7561597948,-73.7723120821,1072.0
s028,Q159,26,40.7696630164,-73.7837424459,660.0
s086,Q160,28,40.6881227125,-73.8000204643,699.0
s086,Q161,28,40.6903354747,-73.8210906409,703.0
s028,Q162,26,40.748880523,-73.7767995984,688.0
s052,Q163,25,40.7407612977,-73.8087815873,643.0
s052,Q164,25,40.7213564361,-73.8234986951,663.0
s052,Q165,25,40.7296725824,-73.8180140306,749.0
s062,Q166,30,40.7572859057,-73.9261604467,1180.0
s053,Q169,25,40.7826754917,-73.7787309217,423.0
s061,Q171,30,40.7710332738,-73.929022288,521.0
s029,Q172,26,40.741826807,-73.7132682252,988.0
s028,Q173,26,40.7342229375,-73.7952802289,951.0
s087,Q174,28,40.7207313795,-73.8614016447,704.0
s087,Q175,28,40.7308057471,-73.8527869174,766.0
s031,Q176,29,40.6849816396,-73.7299095993,732.0
s028,Q177,26,40.743199019,-73.7874823674,496.0
s029,Q178,26,40.7244695805,-73.7771059198,564.0
s030,Q181,29,40.6559905406,-73.7529149955,389.0
s088,Q182,28,40.7028994084,-73.8050393375,897.0
s081,Q183,27,40.589465499,-73.8057154793,586.0
s053,Q184,25,40.7782373695,-73.7997499343,521.0
s054,Q185,25,40.7750313865,-73.8186428867,1538.0
s029,Q186,26,40.7496218553,-73.7216501625,385.0
s029,Q188,26,40.7361357545,-73.7534544807,724.0
s054,Q189,25,40.7600712943,-73.8189259254,701.0
s087,Q190,28,40.72321385,-73.8517004767,1057.0
s029,Q191,26,40.7341112411,-73.7087714353,392.0
s032,Q192,29,40.705947062,-73.7529991435,508.0
s053,Q193,25,40.7922493516,-73.8095169895,550.0
s053,Q194,25,40.7833347309,-73.80713611,1108.0
s030,Q195,29,40.6527723387,-73.7356859489,613.0
s087,Q196,28,40.7228763705,-73.8376479149,901.0
s081,Q197,27,40.5999207097,-73.743761919,567.0
s085,Q199,24,40.739850849,-73.92625713,1046.0
s052,Q200,25,40.7311560757,-73.805481625,488.0
s052,Q201,25,40.7364583178,-73.8130834692,511.0
s082,Q202,27,40.6711456203,-73.8455133465,1065.0
s028,Q203,26,40.7535945671,-73.7600061243,924.0
s062,Q204,30,40.7569996722,-73.9324253953,495.0
s028,Q205,26,40.7379033762,-73.7564995424,311.0
s082,Q207,27,40.6581388052,-73.8441267492,721.0
s032,Q208,29,40.7441962089,-73.7272316859,727.0
s053,Q209,25,40.7838269293,-73.7951582246,580.0
s080,Q210,27,40.6842256692,-73.8475702037,1863.0
s061,Q212,30,40.7531764632,-73.8846470627,806.0
s029,Q213,26,40.7474300137,-73.7457428157,453.0
s054,Q214,25,40.7701644832,-73.8283127231,564.0
s028,Q216,26,40.7373808312,-73.7943088935,1398.0
s088,Q217,28,40.7101352875,-73.8120675862,1572.0
s052,Q219,25,40.7360843157,-73.8238658997,679.0
s087,Q220,28,40.7364807729,-73.8519841895,693.0
s029,Q221,26,40.758560682,-73.731256463,632.0
s061,Q222,30,40.7504404965,-73.8799830344,290.0
s080,Q223,27,40.6741323495,-73.7893967903,606.0
s029,Q224,26,40.7497517867,-73.7212354832,422.0
s082,Q226,27,40.6753252098,-73.8165849467,928.0
s061,Q227,30,40.7582010281,-73.8747049351,1572.0
s085,Q229,24,40.7346521966,-73.8967166491,1451.0
s061,Q230,30,40.7526509853,-73.8928925738,1198.0
s082,Q232,27,40.6659104023,-73.8508842253,1049.0
s086,Q233,28,40.7091501662,-73.8563732239,439.0
s063,Q234,30,40.7670786858,-73.9231386983,600.0
s063,Q235,30,40.7668705296,-73.9233032939,150.0
s054,Q237,25,40.7497744938,-73.8217308499,1240.0
s031,Q238,29,40.7127983748,-73.7798932378,1498.0
s084,Q239,24,40.6991895554,-73.9040428696,615.0
s054,Q242,25,40.7698140995,-73.8321202252,381.0
s030,Q248,29,40.6679110389,-73.7576351316,485.0
s052,Q250,25,40.7241587737,-73.8094436514,379.0
s030,Q251,29,40.6653090004,-73.759397251,325.0
s052,Q252,25,40.7242002051,-73.8090236219,553.0
s081,Q253,27,40.6073140775,-73.7489815392,564.0
s080,Q254,27,40.696993427,-73.8478389083,674.0
s052,Q255,25,40.7242416502,-73.8086128206,412.0
s032,Q259,29,40.7054588572,-73.7527854216,579.0
s081,Q260,27,40.6013603486,-73.7632176495,373.0
s082,Q262,27,40.5865252066,-73.8233989355,736.0
s052,Q263,25,40.7602066708,-73.8184531511,442.0
s085,Q264,24,40.7442854997,-73.9369767516,514.0
s030,Q265,29,40.6680450706,-73.7583023374,508.0
s029,Q266,26,40.7456629189,-73.728045647,663.0
s085,Q267,24,40.7445592385,-73.9369227677,407.0
s031,Q268,29,40.7076892857,-73.7854117138,580.0
s030,Q270,29,40.6750438986,-73.7365526345,678.0
s030,Q272,29,40.668478038,-73.758167229,499.0
s054,Q281,25,40.7495228137,-73.8214636348,681.0
s081,Q282,27,40.6016731108,-73.7633331538,260.0
s030,Q283,29,40.668348353,-73.757465167,578.0
s053,Q285,25,40.7646766752,-73.7897574765,597.0
s063,Q286,30,40.7714099273,-73.9243700477,561.0
s085,Q293,24,40.7432935211,-73.8708020015,467.0
s053,Q294,25,40.7824616145,-73.7786008016,367.0
s032,Q295,29,40.7207639062,-73.7314662608,548.0
s062,Q301,30,40.7567209719,-73.9326508343,545.0
s081,Q302,27,40.6019686234,-73.7634261499,417.0
s087,Q303,28,40.7256898692,-73.8439838518,196.0
s062,Q304,30,40.7586847698,-73.9392752498,626.0
s080,Q306,27,40.6916659709,-73.848601795,466.0
s082,Q308,27,40.6708496101,-73.8456091054,606.0
s081,Q309,27,40.6022497846,-73.7635116741,624.0
s088,Q310,28,40.7144984491,-73.7982645555,655.0
s082,Q323,27,40.5842620002,-73.8252504146,1304.0
s081,Q333,27,40.5941296016,-73.7865589928,524.0
s080,Q400,27,40.6749909682,-73.7831455311,459.0
s028,Q415,26,40.7518254925,-73.7560784774,3646.0
s052,Q425,25,40.7386003526,-73.824272922,3566.0
s028,Q430,26,40.7408500939,-73.793538355,4289.0
s029,Q435,26,40.7335159957,-73.7390209599,1544.0
s087,Q440,28,40.729736262,-73.8449456545,3834.0
s063,Q445,30,40.7578533264,-73.910538322,2437.0
s062,Q450,30,40.7657468609,-73.9332749565,2077.0
s083,Q455,24,40.7409012558,-73.874275389,1961.0
s054,Q460,25,40.7652234889,-73.8266546838,1812.0
s080,Q475,27,40.6949535563,-73.8334772561,1950.0
s082,Q480,27,40.6790010114,-73.8364680234,2386.0
s084,Q485,24,40.7114919854,-73.9090021142,1731.0
s032,Q492,29,40.6982235392,-73.7460520395,437.0
s032,Q494,29,40.6983811566,-73.7454979237,42.0
s028,Q495,26,40.7714560736,-73.7808021729,3306.0
s032,Q496,29,40.698069462,-73.7466469721,25.0
s032,Q498,29,40.6986382947,-73.7462274038,477.0
s052,Q499,25,40.7387541524,-73.8212171118,485.0
s062,Q502,30,40.7485920946,-73.946823098,961.0
s088,Q505,28,40.7094837533,-73.8023494157,3321.0
s085,Q520,24,40.7433190924,-73.9333092394,513.0
s052,Q525,25,40.7347250246,-73.8214230588,1133.0
s061,Q530,30,40.7445132232,-73.9350433594,518.0
s054,Q540,25,40.7656157383,-73.8283126846,446.0
s083,Q550,24,40.7376045959,-73.8534285091,823.0
s062,Q555,30,40.7515142416,-73.936901574,891.0
s085,Q560,24,40.7426889139,-73.9363428373,623.0
s029,Q566,26,40.7444476494,-73.7289741443,1119.0
s062,Q575,30,40.7511831713,-73.9375114677,890.0
s062,Q580,30,40.7550310874,-73.9269241443,486.0
s085,Q600,24,40.7418819624,-73.9279572908,1575.0
s085,Q610,24,40.7434922343,-73.929438558,2148.0
s088,Q620,28,40.7162112549,-73.79876869,2132.0
s080,Q650,27,40.6893564534,-73.8409421205,973.0
s052,Q670,25,40.7253331743,-73.8110480828,720.0
s086,Q687,28,40.7008872283,-73.7982995935,434.0
s086,Q690,28,40.686062419,-73.7834894396,589.0
s031,Q704,29,40.7144025556,-73.7529437587,526.0
s061,Q705,30,40.7499047569,-73.8849994482,561.0
s062,Q706,30,40.7558156955,-73.9240816738,708.0
s083,Q721,24,40.7358293973,-73.8677564102,485.0
s085,Q744,24,40.7431349911,-73.8713531803,226.0
s086,Q752,28,40.6839798378,-73.8011256642,373.0
s029,Q811,26,40.7563863875,-73.7288202603,415.0
s083,Q877,24,40.7372273068,-73.8870861227,482.0
s088,Q896,28,40.7084304948,-73.8041795586,552.0
s029,Q993,26,40.7344189364,-73.7088961364,531.0
s039,R001,31,40.508846617,-74.2440165347,491.0
s037,R002,31,40.5772362757,-74.1005863663,809.0
s039,R003,31,40.520608851,-74.2116433682,903.0
s036,R004,31,40.5521256242,-74.1954789675,772.0
s039,R005,31,40.529909073,-74.1876387319,256.0
s039,R006,31,40.5105279378,-74.2305838189,631.0
s039,R007,31,40.5234448698,-74.1861887247,1190.0
s039,R008,31,40.547603875,-74.1522438079,556.0
s037,R011,31,40.5907319655,-74.0979429472,280.0
s037,R013,31,40.6130838094,-74.0692621946,853.0
s037,R016,31,40.6397147382,-74.07937277,617.0
s038,R018,31,40.6366974672,-74.1171665509,622.0
s038,R019,31,40.6309802836,-74.1271029541,657.0
s038,R020,31,40.6365479821,-74.1326081847,492.0
s036,R021,31,40.631101624,-74.145117466,405.0
s038,R022,31,40.6250914908,-74.151047753,1042.0
s036,R023,31,40.5709475563,-74.1327131048,516.0
s039,R024,31,40.5459010968,-74.1455176448,1290.0
s039,R025,31,40.5096162638,-74.2221558663,512.0
s038,R026,31,40.5916307351,-74.1902189601,236.0
s038,R027,31,40.6283697615,-74.11726947,1038.0
s038,R029,31,40.613844885,-74.1162432282,701.0
s038,R030,31,40.6178877431,-74.132979463,786.0
s037,R031,31,40.6418234428,-74.0854160692,465.0
s036,R032,31,40.5583123797,-74.155207424,687.0
s039,R034,31,40.5080823927,-74.2432741799,1172.0
s038,R035,31,40.6133954656,-74.0995660232,373.0
s039,R036,31,40.5434035077,-74.1824523123,920.0
s039,R037,31,40.5641351949,-74.1511222595,382.0
s037,R038,31,40.5748167031,-74.0994326235,371.0
s037,R039,31,40.5978431071,-74.0701466105,535.0
s036,R041,31,40.5738802768,-74.1090111905,693.0
s039,R042,31,40.5522430399,-74.1695434308,970.0
s038,R044,31,40.6315743616,-74.156846466,970.0
s038,R045,31,40.6284901853,-74.1073783963,900.0
s037,R046,31,40.594050238,-74.0805937983,296.0
s037,R048,31,40.602532433,-74.0909179504,948.0
s037,R049,31,40.6205264037,-74.081282225,775.0
s036,R050,31,40.5615387398,-74.1248905418,833.0
s038,R051,31,40.6228858327,-74.1448276216,1264.0
s037,R052,31,40.5825395106,-74.0887258327,510.0
s036,R053,31,40.5522854892,-74.136995667,780.0
s036,R054,31,40.6029568991,-74.1376848299,787.0
s036,R055,31,40.5364510997,-74.1635847852,636.0
s039,R056,31,40.5419899737,-74.2140047687,648.0
s037,R057,31,40.6112204926,-74.0833990154,704.0
s036,R058,31,40.5832642686,-74.160670486,769.0
s036,R060,31,40.6103486797,-74.1620814484,902.0
s037,R061,31,40.6343682879,-74.0976211795,1118.0
s036,R069,31,40.5914395677,-74.1572511514,950.0
s036,R072,31,40.592556338,-74.1587646497,1319.0
s039,R075,31,40.5442733253,-74.1972404713,1381.0
s038,R080,31,40.6085071895,-74.1052872952,1330.0
s037,R373,31,40.6409135665,-74.0952942879,495.0
s036,R440,31,40.5698086132,-74.1073171556,2876.0
s038,R445,31,40.6346085328,-74.1421742073,1493.0
s037,R450,31,40.6449621509,-74.081794938,2500.0
s039,R455,31,40.5278334173,-74.1924323768,3907.0
s038,R460,31,40.5974401362,-74.1244748664,3388.0
s037,R470,31,40.6108971743,-74.0869453605,155.0
s037,R600,31,40.6430079539,-74.0794067974,650.0
s036,R605,31,40.5679625841,-74.1156736776,1279.0
s037,R721,31,40.6208089098,-74.0770406264,417.0
s015,X001,7,40.8190328408,-73.9190728576,686.0
s067,X003,10,40.8501875812,-73.8918445025,344.0
s007,X004,9,40.841611243,-73.8979712204,599.0
s014,X005,7,40.8136069447,-73.9086418215,760.0
s034,X006,12,40.840698694,-73.882349984,596.0
s064,X007,10,40.8813537498,-73.9055458835,731.0
s066,X008,10,40.8724611228,-73.8834490925,1074.0
s065,X009,10,40.8567349238,-73.8987519804,879.0
s094,X010,8,40.8273595368,-73.8288095763,508.0
s010,X011,9,40.8396932618,-73.9257829533,698.0
s092,X012,11,40.8403336174,-73.8445587887,255.0
s094,X014,8,40.8352542349,-73.8258177961,599.0
s065,X015,10,40.8591861842,-73.9097157498,497.0
s091,X016,11,40.9023156061,-73.8544794268,461.0
s014,X017,7,40.8186776689,-73.905653305,415.0
s015,X018,7,40.8164752679,-73.9228745992,624.0
s091,X019,11,40.8993300161,-73.8672312854,518.0
s066,X020,10,40.8695980904,-73.8790461055,1104.0
s091,X021,11,40.8877639973,-73.8597235749,700.0
s008,X022,9,40.8324544391,-73.9142395198,425.0
s067,X023,10,40.85327965,-73.8947855524,548.0
s064,X024,10,40.8869435672,-73.9145304913,1011.0
s014,X025,7,40.812765059,-73.9058383083,506.0
s007,X028,9,40.8483209954,-73.903661177,768.0
s015,X029,7,40.8214010076,-73.9170159666,758.0
s013,X030,7,40.80924554,-73.9177081271,584.0
s015,X031,7,40.8226897336,-73.9216922361,747.0
s067,X032,10,40.8515209047,-73.886021722,861.0
s065,X033,10,40.861683375,-73.9012106932,1018.0
s008,X035,9,40.8275655874,-73.9179220651,696.0
s094,X036,8,40.8294543353,-73.8501559594,777.0
s064,X037,10,40.8799199681,-73.9106506365,646.0
s091,X041,11,40.8743750813,-73.8678956463,963.0
s007,X042,9,40.8385563462,-73.9030987544,441.0
s013,X043,7,40.8063972895,-73.9213898499,499.0
s033,X044,12,40.8424443448,-73.8910654066,268.0
s067,X045,10,40.8586094707,-73.886941453,730.0
s068,X046,10,40.8670051576,-73.8905560884,1099.0
s034,X047,12,40.832666577,-73.8669844833,1157.0
s095,X048,8,40.8141475666,-73.8868749141,824.0
s013,X049,7,40.8102415318,-73.922970584,688.0
s034,X050,12,40.8342320522,-73.8871417338,58.0
s064,X051,10,40.8774086662,-73.8869828495,238.0
s008,X053,9,40.8326898727,-73.9116855473,1259.0
s067,X054,10,40.8648989153,-73.887771094,504.0
s009,X055,9,40.8361860252,-73.9050321504,726.0
s033,X057,12,40.8485579611,-73.8890120568,581.0
s007,X058,9,40.8461712361,-73.8988224278,505.0
s067,X059,10,40.8530874504,-73.8935135683,623.0
s033,X061,12,40.8363817378,-73.8925228971,300.0
s095,X062,8,40.8139167332,-73.9002481591,788.0
s009,X063,9,40.8310993744,-73.9021144189,650.0
s010,X064,9,40.8403318089,-73.9157038776,138.0
s014,X065,7,40.8075968293,-73.9126912472,436.0
s033,X066,12,40.8312949391,-73.8868442949,709.0
s033,X067,12,40.843834216,-73.8846002094,659.0
s089,X068,11,40.8914890888,-73.8386615828,773.0
s093,X069,8,40.8168578181,-73.8606385148,622.0
s007,X070,9,40.8443894589,-73.9078279756,1356.0
s094,X071,8,40.8455792781,-73.8296943314,1697.0
s094,X072,8,40.8229619742,-73.8180466073,877.0
s008,X073,9,40.8326716379,-73.9265387029,793.0
s095,X075,8,40.8223243552,-73.8891503057,673.0
s091,X076,11,40.8693446409,-73.860904379,1065.0
s089,X078,11,40.8785972413,-73.850681097,812.0
s064,X081,10,40.9035035992,-73.9048916123,683.0
s090,X083,11,40.8493041316,-73.8588747206,1721.0
s065,X085,10,40.8588484363,-73.8948376877,1014.0
s068,X086,10,40.8697984773,-73.8982724432,1692.0
s091,X087,11,40.8953780501,-73.8460466186,634.0
s010,X088,9,40.8370349388,-73.9135002922,188.0
s091,X089,11,40.8627765433,-73.8592651265,1484.0
s065,X091,10,40.8582925404,-73.907609044,760.0
s033,X092,12,40.8463335419,-73.8894828531,455.0
s095,X093,8,40.8219856921,-73.87736454,384.0
s066,X094,10,40.880552272,-73.8754382677,1230.0
s066,X095,10,40.8829479223,-73.8915389209,1309.0
s090,X096,11,40.8611039561,-73.8689742775,971.0
s090,X097,11,40.8631219225,-73.8467706411,694.0
s034,X098,12,40.836025965,-73.8909258319,199.0
s093,X100,8,40.8218645743,-73.8627852297,612.0
s094,X101,8,40.8272436029,-73.8290581604,496.0
s091,X103,11,40.8921335174,-73.8617554918,1170.0
s090,X105,11,40.8526308453,-73.8662819752,1258.0
s092,X106,11,40.8373121888,-73.8548814967,1170.0
s093,X107,8,40.8186880556,-73.8685847873,526.0
s090,X108,11,40.8545827054,-73.8529739287,597.0
s010,X109,9,40.8515345469,-73.9187419645,769.0
s009,X110,9,40.8351179011,-73.9008670994,476.0
s089,X111,11,40.8845558245,-73.8398727362,753.0
s089,X112,11,40.8847726148,-73.8439768611,419.0
s008,X114,9,40.8349880119,-73.9232089814,790.0
s010,X117,9,40.8485607872,-73.9086801576,575.0
s067,X118,10,40.8484171917,-73.8926895606,1156.0
s093,X119,8,40.8285320903,-73.8569595177,979.0
s089,X121,11,40.8669853846,-73.850626289,958.0
s093,X123,8,40.8251539906,-73.8738928543,343.0
s093,X125,8,40.8291472211,-73.8572881033,373.0
s010,X126,9,40.8360378121,-73.9283668392,718.0
s092,X127,11,40.8381627417,-73.8533234068,751.0
s009,X128,9,40.8361011128,-73.9047383666,371.0
s033,X129,12,40.8457588971,-73.8865926898,543.0
s095,X130,8,40.8176670556,-73.9020412414,521.0
s093,X131,8,40.8234522909,-73.859890039,539.0
s009,X132,9,40.8319912114,-73.9068417964,442.0
s035,X134,12,40.8313418391,-73.8944711983,687.0
s093,X138,8,40.8224072116,-73.8530340641,784.0
s095,X140,8,40.8233441773,-73.9076876299,654.0
s064,X141,10,40.8879461527,-73.9135720748,1419.0
s089,X144,11,40.8640200681,-73.8364196426,486.0
s009,X145,9,40.8276720445,-73.9141587929,299.0
s095,X146,8,40.8249820228,-73.9058289775,407.0
s035,X150,12,40.8260526458,-73.8944147115,899.0
s014,X151,7,40.8224485027,-73.9218011893,255.0
s095,X152,8,40.8239689699,-73.8803137321,948.0
s089,X153,11,40.8732045411,-73.8317223319,738.0
s013,X154,7,40.8082371275,-73.9260407243,391.0
s014,X157,7,40.8192254351,-73.9088483926,657.0
s067,X159,10,40.8555998991,-73.8930805761,201.0
s089,X160,11,40.8643343734,-73.824059776,421.0
s014,X161,7,40.8147257237,-73.9053110569,542.0
s014,X162,7,40.8147796018,-73.9122166069,368.0
s010,X163,9,40.8517914916,-73.8987771866,549.0
s007,X165,9,40.8367218829,-73.9173236301,497.0
s013,X168,7,40.8136977517,-73.9259184147,480.0
s010,X170,9,40.8443799066,-73.9133207293,297.0
s092,X175,11,40.8436774396,-73.7844241747,327.0
s089,X176,11,40.8749889362,-73.8319832364,842.0
s089,X178,11,40.8749882498,-73.8315124113,498.0
s013,X179,7,40.809440874,-73.9201444116,373.0
s089,X180,11,40.8730516167,-73.8330855406,877.0
s089,X181,11,40.8751216225,-73.8330911166,873.0
s093,X182,8,40.8183187688,-73.8567246747,1030.0
s035,X185,12,40.8232161027,-73.8971597612,661.0
s035,X186,12,40.8315978869,-73.8981049033,631.0
s067,X188,10,40.8504357399,-73.8839220822,477.0
s033,X190,12,40.8363821252,-73.8929394323,239.0
s034,X195,12,40.830973906,-73.8774989161,994.0
s035,X196,12,40.8306125582,-73.8774224533,989.0
s010,X199,9,40.8434334533,-73.9204925363,806.0
s010,X204,9,40.8500622163,-73.9151295509,620.0
s067,X205,10,40.8555792699,-73.8813993804,1049.0
s065,X206,10,40.8596045629,-73.906245402,237.0
s064,X207,10,40.878229832,-73.9063133315,406.0
s065,X209,10,40.8567341511,-73.8974242738,271.0
s033,X211,12,40.8436372393,-73.8901311197,630.0
s035,X212,12,40.8285980818,-73.9001628809,454.0
s064,X213,10,40.8779345152,-73.9130918274,410.0
s034,X214,12,40.8392915919,-73.8800012804,1090.0
s009,X215,9,40.8333523765,-73.9042836886,269.0
s035,X217,12,40.8222579763,-73.8942003824,313.0
s008,X218,9,40.8357481764,-73.9198463064,1005.0
s009,X219,9,40.8336631011,-73.9040705483,331.0
s013,X221,7,40.8133395177,-73.9208094888,654.0
s013,X223,7,40.813278649,-73.9206449249,595.0
s013,X224,7,40.8102798018,-73.9180587113,367.0
s065,X225,10,40.8545793411,-73.8970590843,630.0
s064,X226,10,40.8557332564,-73.9161325526,497.0
s010,X227,9,40.8399676984,-73.9114185169,395.0
s010,X229,9,40.852887692,-73.9208843582,266.0
s010,X230,9,40.8532555573,-73.9205307113,76.0
s010,X232,9,40.8494707698,-73.9156773541,511.0
s007,X236,9,40.8447961806,-73.8985385513,321.0
s068,X237,10,40.8759438882,-73.9016638456,570.0
s007,X241,9,40.8391476391,-73.9020694438,622.0
s067,X243,10,40.8599672467,-73.8887983787,586.0
s068,X244,10,40.8758675723,-73.9014366413,772.0
s068,X246,10,40.8658896716,-73.8951356474,704.0
s089,X249,11,40.8741114466,-73.8328317003,333.0
s009,X250,9,40.8337293063,-73.9026913452,438.0
s033,X251,12,40.8362290846,-73.8902705801,363.0
s007,X252,9,40.8394208435,-73.9018845722,403.0
s091,X253,11,40.8754445351,-73.8615160667,371.0
s067,X254,10,40.8588883361,-73.8898943661,473.0
s090,X255,11,40.8340874578,-73.8585375616,776.0
s009,X260,9,40.8339181771,-73.9025626499,460.0
s007,X263,9,40.8396940783,-73.9017356933,394.0
s091,X265,11,40.8751878661,-73.8616374357,436.0
s035,X267,12,40.827276844,-73.9004083448,564.0
s068,X268,10,40.8705400004,-73.8975406096,466.0
s095,X269,8,40.8204360543,-73.8929826147,588.0
s089,X270,11,40.8879619241,-73.8523688747,381.0
s033,X271,12,40.8368324994,-73.887706702,665.0
s091,X272,11,40.8806619253,-73.8606474138,197.0
s033,X273,12,40.848767842,-73.8888298164,270.0
s091,X275,11,40.8749372972,-73.8617467077,544.0
s009,X276,9,40.8418267299,-73.8978481269,180.0
s014,X277,7,40.8133809029,-73.9137279059,444.0
s065,X279,10,40.8547163953,-73.9050385209,1083.0
s066,X280,10,40.876847421,-73.8814350224,894.0
s094,X282,8,40.8146839858,-73.8560019322,338.0
s064,X284,10,40.8781495735,-73.9131104343,399.0
s033,X286,12,40.831196555,-73.8865646019,267.0
s091,X287,11,40.880811167,-73.8605547346,248.0
s090,X288,11,40.8599752899,-73.8603006543,699.0
s091,X289,11,40.8809726007,-73.8604620294,288.0
s091,X290,11,40.8753002072,-73.8609887226,457.0
s065,X291,10,40.8594179381,-73.9095001038,675.0
s094,X293,8,40.8405187354,-73.8391838888,452.0
s014,X296,7,40.818955536,-73.9055320367,336.0
s009,X297,9,40.827223916,-73.9044297848,443.0
s014,X298,7,40.8192110826,-73.9054304005,312.0
s090,X299,11,40.8599752899,-73.8603006543,465.0
s033,X300,12,40.8459191447,-73.8870162416,612.0
s095,X301,8,40.8225850242,-73.9068171752,202.0
s095,X302,8,40.815750126,-73.9018856204,501.0
s010,X303,9,40.8492998748,-73.9157150858,319.0
s094,X304,8,40.827115132,-73.8293316042,519.0
s093,X305,8,40.8218776737,-73.8561260734,315.0
s065,X306,10,40.8514327637,-73.9110404049,768.0
s068,X307,10,40.8691687465,-73.9016842764,393.0
s064,X308,10,40.8853984848,-73.8779153759,277.0
s013,X309,7,40.8101713659,-73.922793807,440.0
s068,X310,10,40.8726050008,-73.9052843598,824.0
s093,X312,8,40.821967919,-73.8555217156,457.0
s007,X313,9,40.8405418745,-73.9045956224,309.0
s065,X315,10,40.8579582133,-73.9038085169,280.0
s033,X316,12,40.8459855407,-73.8864075838,359.0
s033,X318,12,40.8438830564,-73.8898694052,295.0
s067,X319,10,40.848324481,-73.8935498955,227.0
s014,X321,7,40.8172028572,-73.9117581206,161.0
s008,X323,9,40.8323961688,-73.913996661,464.0
s008,X324,9,40.8281820143,-73.9175848544,504.0
s009,X325,9,40.8278630727,-73.9140601009,301.0
s091,X326,11,40.8621831173,-73.8648436216,387.0
s009,X327,9,40.8350109179,-73.900435075,737.0
s009,X328,9,40.8280430169,-73.9139541305,187.0
s010,X329,9,40.8398033669,-73.9115034396,294.0
s065,X331,10,40.8515288511,-73.9104946794,402.0
s095,X332,8,40.8175999564,-73.8977598639,193.0
s095,X333,8,40.8200354729,-73.8986861333,418.0
s013,X334,7,40.8101313312,-73.9181370862,470.0
s095,X335,8,40.8201803241,-73.8986758768,282.0
s093,X337,8,40.8248160093,-73.8738096377,475.0
s007,X339,9,40.8404600671,-73.9043172553,514.0
s068,X340,10,40.8691893219,-73.8972293267,647.0
s033,X341,12,40.8425480035,-73.8909573708,154.0
s068,X342,10,40.87036782,-73.897687752,548.0
s013,X343,7,40.8099855561,-73.9182083491,304.0
s064,X344,10,40.883171486,-73.8913784071,400.0
s095,X345,8,40.8154511378,-73.8854337389,955.0
s035,X346,12,40.8220693565,-73.8942006823,440.0
s095,X352,8,40.8156128509,-73.885472661,516.0
s068,X360,10,40.8747492881,-73.9022491729,493.0
s010,X365,9,40.849647986,-73.915627109,311.0
s094,X366,8,40.8272900659,-73.8185111212,98.0
s093,X367,8,40.814948857,-73.8560708081,680.0
s064,X368,10,40.879026674,-73.9111414776,966.0
s013,X369,7,40.8092679475,-73.9197465163,253.0
s091,X370,11,40.8807193765,-73.8602657806,232.0
s094,X371,8,40.8270134691,-73.818284587,288.0
s094,X375,8,40.815235721,-73.8561445358,251.0
s093,X376,8,40.821521493,-73.8560539278,415.0
s093,X377,8,40.8210187835,-73.8552744885,176.0
s014,X379,7,40.8191238852,-73.9050254311,199.0
s065,X382,10,40.8550565196,-73.9033377251,279.0
s035,X384,12,40.8218972744,-73.8941922438,254.0
s065,X386,10,40.8551502636,-73.9035341187,611.0
s034,X388,12,40.8319958962,-73.8786410768,441.0
s065,X390,10,40.8544761112,-73.9131111487,457.0
s065,X391,10,40.8543796168,-73.8971778245,516.0
s014,X393,7,40.8150111394,-73.9120837405,399.0
s013,X394,7,40.8063400524,-73.9209688828,341.0
s065,X396,10,40.8545886747,-73.9130020046,357.0
s064,X397,10,40.878053894,-73.9129720477,333.0
s009,X403,9,40.8271711233,-73.9041722125,404.0
s009,X404,9,40.8270978697,-73.9038992882,392.0
s094,X405,8,40.8404823415,-73.8388825464,1092.0
s013,X407,7,40.8126721619,-73.9199996404,426.0
s010,X412,9,40.8396958514,-73.9111130042,309.0
s010,X413,9,40.8396497532,-73.9115836419,423.0
s010,X414,9,40.8395136726,-73.9112261857,72.0
s090,X418,11,40.8515847161,-73.8644147523,500.0
s095,X424,8,40.8158043629,-73.8855283323,316.0
s013,X427,7,40.8156986595,-73.9302805374,326.0
s068,X433,10,40.8707527125,-73.8973800513,468.0
s067,X434,10,40.8595152805,-73.8879577566,423.0
s067,X437,10,40.8595763513,-73.8891829113,379.0
s067,X438,10,40.859360377,-73.8887888762,410.0
s067,X439,10,40.859124393,-73.8883475501,392.0
s066,X440,10,40.8814096543,-73.8870989019,1694.0
s068,X442,10,40.8704991658,-73.8972135364,425.0
s066,X445,10,40.8780818633,-73.8912782561,3010.0
s093,X452,8,40.8215918768,-73.855387117,322.0
s089,X455,11,40.8740865503,-73.8320941443,2070.0
s014,X473,7,40.8183591903,-73.9113677161,380.0
s064,X477,10,40.8780254347,-73.9132554042,447.0
s035,X480,12,40.8235652845,-73.8985630948,264.0
s015,X500,7,40.8180488752,-73.9279310697,520.0
s008,X505,9,40.8275123932,-73.9189981773,772.0
s091,X513,11,40.8881171733,-73.8528812476,372.0
s091,X514,11,40.8880446006,-73.8526248677,421.0
s009,X517,9,40.8339677326,-73.9038614279,420.0
s095,X519,8,40.8209786974,-73.8809644832,275.0
s014,X520,7,40.8110967046,-73.9095552471,105.0
s007,X525,9,40.8433485232,-73.9029885731,680.0
s095,X530,8,40.817768557,-73.8980611935,234.0
s090,X542,11,40.8599752899,-73.8603006543,490.0
s009,X543,9,40.827039224,-73.9036301889,327.0
s091,X544,11,40.875040467,-73.8610980164,494.0
s091,X545,11,40.8747807945,-73.8612636983,395.0
s064,X546,10,40.8778675082,-73.9129534037,383.0
s068,X549,10,40.8703772845,-73.896933323,505.0
s034,X550,12,40.8318136128,-73.87858526,390.0
s015,X551,7,40.813933711,-73.9257515466,600.0
s015,X600,7,40.8183646166,-73.9198866364,415.0
s015,X670,7,40.8159244478,-73.9301822992,554.0
s034,X682,12,40.8309414991,-73.8859412774,492.0
s034,X684,12,40.8414874541,-73.8751939793,500.0
s034,X691,12,40.8378943059,-73.8661314982,342.0
s034,X692,12,40.8316546028,-73.8785396099,416.0
s068,X696,10,40.8747641181,-73.8951473997,369.0
s007,X703,9,40.838745776,-73.9004197363,715.0
s010,X705,9,40.8402950087,-73.91863449,465.0
s009,X706,9,40.8321820424,-73.9056050423,660.0
s007,X717,9,40.8391049907,-73.904979753,328.0
s089,X718,11,40.8843984921,-73.839811899,517.0
s092,X721,11,40.8426703052,-73.8388687067,560.0
s089,X723,11,40.8829373838,-73.8325605084,484.0
s095,X730,8,40.8216448942,-73.8864955699,323.0
s014,X754,7,40.811350209,-73.9094590379,503.0
s033,X811,12,40.8306927837,-73.8872506502,634.0
s022,K652,18,40.662165117,-73.9208397812,1165.0
s077,M210,6,40.829976214,-73.944642643,446.0
s029,Q023,26,40.74557452,-73.7257458846,326.0
s054,Q244,25,40.7545890482,-73.8261664922,452.0
s084,Q305,24,40.7068883777,-73.91497193,484.0
s083,Q307,24,40.7490097014,-73.8655236697,993.0
s052,Q792,25,40.7206844098,-73.8195060233,210.0
s037,R065,31,40.6337585158,-74.0783925752,396.0
s092,X189,11,40.8832661663,-73.8308940186,407.0
s035,X248,12,40.8272325693,-73.8973926633,341.0
s035,X278,12,40.8274927244,-73.8971910469,125.0
s064,X347,10,40.875699517,-73.9058487671,349.0
s067,X398,10,40.8573134232,-73.8945097386,410.0
s008,X419,9,40.8346602304,-73.9216241372,580.0
s001,K003,13,40.6824228217,-73.9554568242,450.0
s072,K004,19,40.6570558739,-73.8887303383,359.0
s019,K005,16,40.6854975292,-73.9223938768,231.0
s023,K006,17,40.648817282,-73.9560309219,712.0
s071,K007,19,40.6894601313,-73.8730424409,969.0
s000,K008,13,40.7007316168,-73.9929361228,924.0
s002,K009,13,40.6782108433,-73.9659288612,838.0
s016,K010,15,40.6608767361,-73.9861819749,942.0
s002,K011,13,40.6855252309,-73.9659779403,831.0
s026,K012,23,40.6729827421,-73.9198297343,234.0
s072,K013,19,40.6637873864,-73.8933750733,519.0
s004,K014,22,40.5934699919,-73.9379653876,548.0
s018,K015,15,40.6770494229,-74.0115232325,457.0
s057,K016,14,40.7059260754,-73.9619836187,242.0
s057,K017,14,40.7152109371,-73.9568881293,292.0
s057,K018,14,40.7108125157,-73.9469029441,192.0
s000,K020,13,40.6908699271,-73.9710798985,401.0
s019,K021,16,40.6805079673,-73.9260701215,615.0
s055,K023,14,40.6942633249,-73.9476191044,293.0
s017,K024,15,40.6528107262,-74.0046023553,674.0
s020,K025,16,40.691339132,-73.9404884833,146.0
s020,K026,16,40.6918705914,-73.9313440836,208.0
s019,K028,16,40.6784088921,-73.9201304412,199.0
s018,K029,15,40.6869358492,-73.9977156406,895.0
s058,K030,20,40.6336592047,-74.0230815936,715.0
s057,K031,14,40.7268509232,-73.9540749294,611.0
s018,K032,15,40.6804689988,-73.991705162,497.0
s057,K034,14,40.726327143,-73.9497260843,481.0
s098,K035,16,40.6816944701,-73.9359272947,168.0
s073,K036,19,40.6604471338,-73.8872185081,262.0
s018,K038,15,40.6850750534,-73.9829861147,554.0
s016,K039,15,40.6687099974,-73.9830267826,422.0
s019,K040,16,40.6802906562,-73.921893276,296.0
s096,K041,23,40.6603722457,-73.9068949995,499.0
s001,K044,13,40.6863207717,-73.9409596325,223.0
s012,K045,32,40.6866306629,-73.9104631721,779.0
s001,K046,13,40.694348272,-73.9714685708,361.0
s059,K048,20,40.6215653159,-73.9872964567,597.0
s057,K050,14,40.7117661542,-73.9599143684,198.0
s016,K051,15,40.6721155684,-73.9843397208,1128.0
s004,K052,22,40.5877003561,-73.9402024256,866.0
s073,K053,19,40.6649949061,-73.8906639403,458.0
s001,K054,13,40.692607383,-73.9526754559,241.0
s001,K056,13,40.6848332506,-73.9604774088,200.0
s020,K057,16,40.6916346917,-73.933510776,169.0
s018,K058,15,40.680419652,-73.9954491358,994.0
s055,K059,14,40.6975592237,-73.9434703011,318.0
s025,K061,17,40.6637670728,-73.9489927817,814.0
s059,K062,20,40.6384081562,-73.9713695764,1191.0
s071,K065,19,40.687070713,-73.8782972215,660.0
s097,K066,18,40.6488077189,-73.9070339788,819.0
s000,K067,13,40.6953447785,-73.9778750109,228.0
s021,K068,18,40.635348657,-73.910924783,464.0
s058,K069,20,40.6325545413,-74.0096541518,845.0
s055,K071,14,40.7036884427,-73.9537632399,622.0
s027,K073,23,40.6804936576,-73.9107830062,31.0
s012,K075,32,40.693158775,-73.9210811898,446.0
s002,K077,13,40.678887494,-73.9766768373,289.0
s099,K078,22,40.6209610779,-73.913096405,638.0
s020,K081,16,40.6930361163,-73.9351286391,304.0
s057,K084,14,40.7148685308,-73.9632545027,749.0
s011,K086,32,40.7006957753,-73.9177028664,413.0
s016,K088,15,40.6601796907,-73.9879211314,1267.0
s049,K090,21,40.5780623329,-73.9799489879,649.0
s024,K091,17,40.6618307978,-73.9402228678,356.0
s023,K092,17,40.6562068386,-73.9540816462,476.0
s001,K093,13,40.6789309287,-73.9465055366,305.0
s017,K094,15,40.6436623812,-74.0086677218,1512.0
s049,K337,21,40.5935536414,-73.9863845745,366.0
s085,Q296,24,40.7432191259,-73.8710754466,380.0
s097,K366,18,40.6474360085,-73.8917625315,498.0
s017,K667,15,40.6554347931,-74.0042182576,1314.0
s097,K673,18,40.6473417369,-73.8916498056,181.0
s000,K674,13,40.6952291914,-73.9867671709,451.0
s018,K676,15,40.677865258,-74.0049501208,200.0
s073,K677,19,40.6695424099,-73.8793564252,566.0
s073,K678,19,40.6693509005,-73.8793026641,260.0
s060,K682,20,40.6070491802,-73.9867885983,350.0
s073,K683,19,40.6705732243,-73.8744848662,305.0
s059,K686,20,40.6070892035,-73.9865082857,521.0
s020,K688,16,40.6911873406,-73.9334326547,126.0
s001,K691,13,40.6945781797,-73.9715235641,241.0
s041,M151,2,40.7779123273,-73.9473110231,548.0
s044,M392,2,40.7433665864,-74.0028382225,423.0
s043,M393,2,40.7635998431,-73.9907600215,448.0
s042,M394,2,40.7163109783,-73.9932217293,266.0
s045,M397,2,40.7109391699,-74.0056031547,443.0
s040,M399,2,40.7352566537,-73.9871722987,443.0
s048,M402,3,40.7858672806,-73.9743371838,333.0
s048,M403,3,40.7857942472,-73.9741743643,452.0
s048,M404,3,40.7857275639,-73.9740240694,194.0
s069,M406,4,40.8006574537,-73.9390095843,156.0
s074,M410,5,40.8154368889,-73.9552645254,108.0
s048,M421,3,40.7991699052,-73.9653350934,190.0
s044,M422,2,40.7435073702,-74.0023030049,662.0
s081,Q317,27,40.5808792947,-73.8315595925,489.0
s081,Q318,27,40.5811079954,-73.8316665846,223.0
s081,Q319,27,40.603775187,-73.7495162819,307.0
s036,R861,31,40.6204753388,-74.1647821578,893.0
s008,X443,9,40.8318998715,-73.9176922548,542.0
s065,X447,10,40.8549984544,-73.9031157896,477.0
s093,X448,8,40.8236793923,-73.8599406816,362.0
s008,X449,9,40.8283726907,-73.9174945136,460.0
s008,X454,9,40.8279949244,-73.9176761509,432.0
s008,X457,9,40.8321353562,-73.9175457402,597.0
s064,X459,10,40.8594849704,-73.9003345987,323.0
s092,X462,11,40.8828489116,-73.8306831828,251.0
s035,X463,12,40.8283428289,-73.9002466194,314.0
s094,X467,8,40.8267261238,-73.8180570598,249.0
s090,X468,11,40.8617131829,-73.8648550492,352.0
s034,X478,12,40.8316928571,-73.878097267,318.0
s035,X479,12,40.8275201851,-73.9003187618,323.0
s013,X395,7,40.8115046803,-73.9250918749,418.0
s086,Q686,28,40.7087574776,-73.8559531574,1060.0
s044,M437,2,40.7432945946,-74.002651823,501.0
s040,M438,2,40.735467571,-73.9869885178,356.0
s048,M417,3,40.785934792,-73.9744922706,386.0
s046,M452,3,40.7808608058,-73.9780880707,325.0
s093,X432,8,40.821340812,-73.8556804444,315.0
s064,X363,10,40.8595769506,-73.9006197498,455.0
s090,X498,11,40.8450143813,-73.8580840534,626.0
s035,X446,12,40.8232848243,-73.8985922389,192.0
s024,K770,17,40.6642766128,-73.9282183906,303.0
s058,K264,20,40.6204078923,-74.0285794706,486.0
s058,K310,20,40.6395188655,-74.0203435721,451.0
s060,K748,20,40.6069295652,-74.0072803265,615.0
s059,K971,20,40.6395188655,-74.0203435721,376.0
s026,K671,23,40.6662265895,-73.9110741631,207.0
s084,Q290,24,40.7281642169,-73.8932007224,552.0
s083,Q330,24,40.7358669791,-73.8785579024,644.0
s080,Q273,27,40.6936137658,-73.8443351157,364.0
s082,Q324,27,40.5860994043,-73.8243270873,365.0
s086,Q167,28,40.7084309232,-73.8555432633,829.0
s088,Q325,28,40.7143199575,-73.7981064961,474.0
s088,Q328,28,40.7140398596,-73.7981607979,444.0
s088,Q338,28,40.7082650072,-73.7995694901,175.0
s030,Q327,29,40.6821774912,-73.7529741642,493.0
s061,Q280,30,40.7533456804,-73.8738318889,706.0
s037,R074,31,40.6388323812,-74.0794556475,312.0
s041,M267,2,40.7701899945,-73.9509638938,365.0
s005,M458,1,40.7224151488,-73.9904685492,215.0
s040,M432,2,40.7465039267,-73.9811822937,290.0
s021,K797,18,40.6437309262,-73.9223735152,382.0
s047,M483,3,40.8074984054,-73.9542472435,248.0
s046,M859,3,40.7752561748,-73.9829763616,277.0
s081,Q256,27,40.594526562,-73.7615805589,501.0
s062,Q501,30,40.7563032119,-73.9250034525,828.0
s041,M114,2,40.7803960543,-73.9473740953,441.0
s042,M721,2,40.7290946232,-74.0061279475,178.0
s087,Q206,28,40.7341720848,-73.8608140565,589.0
s045,M896,2,40.7052330989,-74.0129721336,388.0
s076,M350,5,40.814437966,-73.9450808627,720.0
s045,M276,2,40.7062560981,-74.0176306526,872.0
s084,Q113,24,40.7051224798,-73.8618703338,948.0
s054,Q022,25,40.7616920208,-73.8110250319,853.0
s086,Q140,28,40.6871076052,-73.7810615779,521.0
s011,K538,32,40.6978871268,-73.9191980914,1064.0
s074,X704,5,40.8200375648,-73.9566662423,1109.0
s044,M560,2,40.7292344075,-74.0059006961,612.0
s059,K160,20,40.636951008,-73.9990562988,1388.0
s047,M386,3,40.8016063593,-73.9551918576,611.0
s079,M346,6,40.8508037982,-73.9330290763,645.0
s048,M243,3,40.7849710034,-73.9738429339,236.0
s036,R064,31,40.5819725471,-74.1589597997,450.0
s036,R063,31,40.5816801496,-74.1592463421,443.0
s036,R047,31,40.5822941689,-74.1586541745,495.0
s085,Q299,24,40.7448499527,-73.9368642023,600.0
s061,Q228,30,40.7569369949,-73.8748930108,329.0
s092,X194,11,40.8351166026,-73.8460205404,1363.0
s041,M409,2,40.7989665696,-73.9337108636,232.0
s075,M692,5,40.8214367448,-73.9488870366,475.0
s000,K605,13,40.6951782196,-73.9856063768,619.0
s067,X228,10,40.8612590663,-73.8913174757,264.0
s066,X080,10,40.8767033105,-73.8813724928,636.0
s081,Q170,27,40.5802584452,-73.8328877093,311.0
s045,M551,2,40.6908058322,-74.020496792,422.0
s015,X527,7,40.821842171,-73.9238375531,504.0
s067,X374,10,40.8597174985,-73.8884045046,499.0
s040,M427,2,40.7464082682,-73.9809067222,288.0
s074,M726,5,40.8108252016,-73.9562691584,722.0
s031,Q326,29,40.7116969141,-73.7710166536,405.0
s007,X231,9,40.8452467427,-73.8971685197,568.0
s060,K163,20,40.6067997018,-74.0078220456,629.0
s066,X056,10,40.8752912057,-73.8750258415,691.0
s087,Q680,28,40.7186500674,-73.8062487666,726.0
s086,Q284,28,40.6972128497,-73.7868817431,621.0
s078,M366,6,40.8655885811,-73.9214204794,511.0
s077,M368,6,40.8264795343,-73.9471271034,216.0
s095,X422,8,40.8466824315,-73.9185659217,315.0
s071,K089,19,40.6777271039,-73.8867256328,458.0
s078,M423,6,40.865537205,-73.9249924519,216.0
s040,M411,2,40.7418159825,-73.98581305,445.0
s015,X548,7,40.8224084176,-73.9235497033,592.0
s015,X385,7,40.8228767758,-73.9231329385,60.0
s015,X389,7,40.8232005149,-73.9229570199,431.0
s015,X547,7,40.8221389347,-73.9236620231,426.0
s090,X372,11,40.8440730706,-73.8843770892,576.0
s093,X378,8,40.8448900621,-73.8579801483,325.0
s034,X383,12,40.8396680794,-73.879459637,243.0
s076,M384,5,40.805887777,-73.9355010857,821.0
s076,M030,5,40.8057798206,-73.9352349623,285.0
s076,M138,5,40.8056827657,-73.9350380869,606.0
s079,M349,6,40.8456588181,-73.9399960571,137.0
s002,K133,13,40.6709694941,-73.9878042949,688.0
s089,X169,11,40.8812112874,-73.8394963107,416.0
s034,X242,12,40.8326042863,-73.8787496495,694.0
s088,Q350,28,40.7141541428,-73.7979248463,515.0
s082,Q351,27,40.5864098927,-73.823896811,392.0
s090,X508,11,40.8603161552,-73.8602863471,434.0
s090,X509,11,40.8601498896,-73.8602866964,361.0
s015,X522,7,40.8182591118,-73.9194578007,577.0
s034,X521,12,40.8318648924,-73.8781657798,425.0
s024,K122,17,40.6760231392,-73.9391214154,517.0
s018,K423,15,40.6900072322,-73.9894583617,176.0
s095,X537,8,40.8206608185,-73.8808843544,215.0
s033,X511,12,40.836152011,-73.8904888108,396.0
s067,X524,10,40.8554319151,-73.8825263423,338.0
s089,X532,11,40.8859257882,-73.8404462367,299.0
s089,X529,11,40.8861760066,-73.8404833086,324.0
s034,X531,12,40.8380762391,-73.8661781183,521.0
s034,X536,12,40.8382669471,-73.8662119691,438.0
s043,M507,2,40.7637369292,-73.9908178873,472.0
s074,M514,5,40.8198388689,-73.9567837182,214.0
s076,M517,5,40.8097802062,-73.939435254,266.0
s085,Q585,24,40.7293812698,-73.8875983377,1001.0
s030,Q355,29,40.6648217539,-73.7591607446,395.0
s030,Q356,29,40.6644557678,-73.7593509098,377.0
s086,Q354,28,40.6796670886,-73.7743730745,630.0
s012,K168,32,40.6969539665,-73.912004075,268.0
s016,K684,15,40.6691952886,-73.9787972221,620.0
s026,K401,23,40.6722141127,-73.9062764356,316.0
s072,K325,19,40.6540581066,-73.8945602204,256.0
s055,K367,14,40.6968470313,-73.9475037077,477.0
s021,K379,18,40.6425030548,-73.9080220261,490.0
s073,K386,19,40.6700727559,-73.8743371394,308.0
s020,K406,16,40.6884915596,-73.9356311199,374.0
s070,M518,4,40.7934879248,-73.9485724306,320.0
s042,M522,2,40.7240823829,-74.0049083549,324.0
s048,M523,3,40.7859986569,-73.9746567788,542.0
s062,Q359,30,40.7603262236,-73.9396280418,417.0
s090,X538,11,40.8567906599,-73.8430146507,251.0
s064,X539,10,40.8779135978,-73.9133951483,454.0
s064,X553,10,40.8778274714,-73.9132504533,507.0
s013,X554,7,40.8131886426,-73.9196303758,322.0
